2026-01-23T15:22:41.426+0800	ERROR	cache/disk_cache.go:75	read cacheDir:/Users/zngue/www/go/zng_go/zng_app/cache/naming/develop failed!err:open /Users/zngue/www/go/zng_go/zng_app/cache/naming/develop: no such file or directory
2026-01-23T15:22:41.427+0800	INFO	naming_http/push_receiver.go:89	udp server start, port: 55309
2026-01-23T15:22:41.427+0800	INFO	rpc/rpc_client.go:157	init rpc client for name %!(EXTRA string=c5441a05-7cab-4db7-af2d-0c7c27ee69b9)
2026-01-23T15:22:41.427+0800	INFO	rpc/rpc_client.go:166	get app conn labels from client config map[] 
2026-01-23T15:22:41.427+0800	INFO	rpc/rpc_client.go:168	get app conn labels from env map[] 
2026-01-23T15:22:41.427+0800	INFO	rpc/rpc_client.go:171	final app conn labels : map[] 
2026-01-23T15:22:41.427+0800	INFO	rpc/rpc_client.go:327	[RpcClient.Start] c5441a05-7cab-4db7-af2d-0c7c27ee69b9 try to connect to server on start up, server: {serverIp:101.43.92.81 serverPort:10848 serverGrpcPort:11848}
2026-01-23T15:22:41.427+0800	INFO	rpc/grpc_client.go:175	check tls config %!(EXTRA *constant.TLSConfig=&{false false false    })
2026-01-23T15:22:41.427+0800	INFO	rpc/grpc_client.go:180	try to get tls config from env
2026-01-23T15:22:41.427+0800	INFO	rpc/grpc_client.go:189	 tls config from env is not enable
2026-01-23T15:22:41.428+0800	INFO	util/common.go:96	Local IP:192.168.1.21
2026-01-23T15:22:41.465+0800	WARN	rpc/rpc_client.go:329	[RpcClient.Start] c5441a05-7cab-4db7-af2d-0c7c27ee69b9 fail to connect to server on start up, error message=server check request failed , err:rpc error: code = Unavailable desc = connection error: desc = "transport: Error while dialing: dial tcp 101.43.92.81:11848: connect: connection refused", start up retry times left=2
2026-01-23T15:22:41.465+0800	INFO	rpc/rpc_client.go:327	[RpcClient.Start] c5441a05-7cab-4db7-af2d-0c7c27ee69b9 try to connect to server on start up, server: {serverIp:101.43.92.81 serverPort:10848 serverGrpcPort:11848}
2026-01-23T15:22:41.465+0800	INFO	rpc/grpc_client.go:175	check tls config %!(EXTRA *constant.TLSConfig=&{false false false    })
2026-01-23T15:22:41.465+0800	INFO	rpc/grpc_client.go:180	try to get tls config from env
2026-01-23T15:22:41.465+0800	INFO	rpc/grpc_client.go:189	 tls config from env is not enable
2026-01-23T15:22:41.504+0800	WARN	rpc/rpc_client.go:329	[RpcClient.Start] c5441a05-7cab-4db7-af2d-0c7c27ee69b9 fail to connect to server on start up, error message=server check request failed , err:rpc error: code = Unavailable desc = connection error: desc = "transport: Error while dialing: dial tcp 101.43.92.81:11848: connect: connection refused", start up retry times left=1
2026-01-23T15:22:41.504+0800	INFO	rpc/rpc_client.go:327	[RpcClient.Start] c5441a05-7cab-4db7-af2d-0c7c27ee69b9 try to connect to server on start up, server: {serverIp:101.43.92.81 serverPort:10848 serverGrpcPort:11848}
2026-01-23T15:22:41.504+0800	INFO	rpc/grpc_client.go:175	check tls config %!(EXTRA *constant.TLSConfig=&{false false false    })
2026-01-23T15:22:41.504+0800	INFO	rpc/grpc_client.go:180	try to get tls config from env
2026-01-23T15:22:41.504+0800	INFO	rpc/grpc_client.go:189	 tls config from env is not enable
2026-01-23T15:22:41.541+0800	WARN	rpc/rpc_client.go:329	[RpcClient.Start] c5441a05-7cab-4db7-af2d-0c7c27ee69b9 fail to connect to server on start up, error message=server check request failed , err:rpc error: code = Unavailable desc = connection error: desc = "transport: Error while dialing: dial tcp 101.43.92.81:11848: connect: connection refused", start up retry times left=0
2026-01-23T15:22:41.541+0800	INFO	rpc/rpc_client.go:427	c5441a05-7cab-4db7-af2d-0c7c27ee69b9 try to re connect to a new server, server is not appointed, will choose a random server.
2026-01-23T15:22:41.541+0800	INFO	rpc/grpc_client.go:175	check tls config %!(EXTRA *constant.TLSConfig=&{false false false    })
2026-01-23T15:22:41.541+0800	INFO	rpc/grpc_client.go:180	try to get tls config from env
2026-01-23T15:22:41.541+0800	INFO	rpc/grpc_client.go:189	 tls config from env is not enable
2026-01-23T15:22:41.542+0800	INFO	naming_grpc/naming_grpc_proxy.go:95	register instance namespaceId:<develop>,serviceName:<test_user> with instance:<{"instanceId":"","ip":"192.168.1.21","port":5826,"weight":1,"healthy":true,"enabled":true,"ephemeral":true,"clusterName":"test_user","serviceName":"","metadata":{},"instanceHeartBeatInterval":0,"ipDeleteTimeout":0,"instanceHeartBeatTimeOut":0}>
2026-01-23T15:22:41.542+0800	ERROR	rpc/rpc_client.go:630	Send request fail, request=InstanceRequest, body={"requestId":"","namespace":"develop","serviceName":"test_user","groupName":"test_user","module":"naming","type":"registerInstance","instance":{"instanceId":"","ip":"192.168.1.21","port":5826,"weight":1,"healthy":true,"enabled":true,"ephemeral":true,"clusterName":"test_user","serviceName":"","metadata":{},"instanceHeartBeatInterval":0,"ipDeleteTimeout":0,"instanceHeartBeatTimeOut":0}}, retryTimes=0, error=client not connected, current status:STARTING
github.com/nacos-group/nacos-sdk-go/v2/common/remote/rpc.(*RpcClient).Request
	/Users/zngue/go/pkg/mod/github.com/nacos-group/nacos-sdk-go/v2@v2.3.5/common/remote/rpc/rpc_client.go:592
github.com/nacos-group/nacos-sdk-go/v2/clients/naming_client/naming_grpc.(*NamingGrpcProxy).requestToServer
	/Users/zngue/go/pkg/mod/github.com/nacos-group/nacos-sdk-go/v2@v2.3.5/clients/naming_client/naming_grpc/naming_grpc_proxy.go:88
github.com/nacos-group/nacos-sdk-go/v2/clients/naming_client/naming_grpc.(*NamingGrpcProxy).RegisterInstance
	/Users/zngue/go/pkg/mod/github.com/nacos-group/nacos-sdk-go/v2@v2.3.5/clients/naming_client/naming_grpc/naming_grpc_proxy.go:99
github.com/nacos-group/nacos-sdk-go/v2/clients/naming_client.(*NamingProxyDelegate).RegisterInstance
	/Users/zngue/go/pkg/mod/github.com/nacos-group/nacos-sdk-go/v2@v2.3.5/clients/naming_client/naming_proxy_delegate.go:92
github.com/nacos-group/nacos-sdk-go/v2/clients/naming_client.(*NamingClient).RegisterInstance
	/Users/zngue/go/pkg/mod/github.com/nacos-group/nacos-sdk-go/v2@v2.3.5/clients/naming_client/naming_client.go:125
github.com/zngue/zng_app/app/config/nacos.NewCenterOptions
	/Users/zngue/www/go/zng_go/zng_app/app/config/nacos/nacos.go:39
main.main
	/Users/zngue/www/go/zng_go/zng_app/cmd/user/main.go:10
runtime.main
	/opt/homebrew/Cellar/go/1.24.3/libexec/src/runtime/proc.go:283
runtime.goexit
	/opt/homebrew/Cellar/go/1.24.3/libexec/src/runtime/asm_arm64.s:1223
2026-01-23T15:22:41.582+0800	INFO	rpc/grpc_client.go:175	check tls config %!(EXTRA *constant.TLSConfig=&{false false false    })
2026-01-23T15:22:41.582+0800	INFO	rpc/grpc_client.go:180	try to get tls config from env
2026-01-23T15:22:41.582+0800	INFO	rpc/grpc_client.go:189	 tls config from env is not enable
2026-01-23T15:22:41.623+0800	WARN	rpc/rpc_client.go:458	c5441a05-7cab-4db7-af2d-0c7c27ee69b9 fail to connect server, after trying 1 times, last try server is {serverIp:101.43.92.81 serverPort:10848 serverGrpcPort:11848}, error=server check request failed , err:rpc error: code = Unavailable desc = connection error: desc = "transport: Error while dialing: dial tcp 101.43.92.81:11848: connect: connection refused"
2026-01-23T15:22:41.643+0800	ERROR	rpc/rpc_client.go:630	Send request fail, request=InstanceRequest, body={"requestId":"","namespace":"develop","serviceName":"test_user","groupName":"test_user","module":"naming","type":"registerInstance","instance":{"instanceId":"","ip":"192.168.1.21","port":5826,"weight":1,"healthy":true,"enabled":true,"ephemeral":true,"clusterName":"test_user","serviceName":"","metadata":{},"instanceHeartBeatInterval":0,"ipDeleteTimeout":0,"instanceHeartBeatTimeOut":0}}, retryTimes=1, error=client not connected, current status:STARTING
github.com/nacos-group/nacos-sdk-go/v2/common/remote/rpc.(*RpcClient).Request
	/Users/zngue/go/pkg/mod/github.com/nacos-group/nacos-sdk-go/v2@v2.3.5/common/remote/rpc/rpc_client.go:592
github.com/nacos-group/nacos-sdk-go/v2/clients/naming_client/naming_grpc.(*NamingGrpcProxy).requestToServer
	/Users/zngue/go/pkg/mod/github.com/nacos-group/nacos-sdk-go/v2@v2.3.5/clients/naming_client/naming_grpc/naming_grpc_proxy.go:88
github.com/nacos-group/nacos-sdk-go/v2/clients/naming_client/naming_grpc.(*NamingGrpcProxy).RegisterInstance
	/Users/zngue/go/pkg/mod/github.com/nacos-group/nacos-sdk-go/v2@v2.3.5/clients/naming_client/naming_grpc/naming_grpc_proxy.go:99
github.com/nacos-group/nacos-sdk-go/v2/clients/naming_client.(*NamingProxyDelegate).RegisterInstance
	/Users/zngue/go/pkg/mod/github.com/nacos-group/nacos-sdk-go/v2@v2.3.5/clients/naming_client/naming_proxy_delegate.go:92
github.com/nacos-group/nacos-sdk-go/v2/clients/naming_client.(*NamingClient).RegisterInstance
	/Users/zngue/go/pkg/mod/github.com/nacos-group/nacos-sdk-go/v2@v2.3.5/clients/naming_client/naming_client.go:125
github.com/zngue/zng_app/app/config/nacos.NewCenterOptions
	/Users/zngue/www/go/zng_go/zng_app/app/config/nacos/nacos.go:39
main.main
	/Users/zngue/www/go/zng_go/zng_app/cmd/user/main.go:10
runtime.main
	/opt/homebrew/Cellar/go/1.24.3/libexec/src/runtime/proc.go:283
runtime.goexit
	/opt/homebrew/Cellar/go/1.24.3/libexec/src/runtime/asm_arm64.s:1223
2026-01-23T15:22:41.724+0800	INFO	rpc/grpc_client.go:175	check tls config %!(EXTRA *constant.TLSConfig=&{false false false    })
2026-01-23T15:22:41.724+0800	INFO	rpc/grpc_client.go:180	try to get tls config from env
2026-01-23T15:22:41.724+0800	INFO	rpc/grpc_client.go:189	 tls config from env is not enable
2026-01-23T15:22:41.744+0800	ERROR	rpc/rpc_client.go:630	Send request fail, request=InstanceRequest, body={"requestId":"","namespace":"develop","serviceName":"test_user","groupName":"test_user","module":"naming","type":"registerInstance","instance":{"instanceId":"","ip":"192.168.1.21","port":5826,"weight":1,"healthy":true,"enabled":true,"ephemeral":true,"clusterName":"test_user","serviceName":"","metadata":{},"instanceHeartBeatInterval":0,"ipDeleteTimeout":0,"instanceHeartBeatTimeOut":0}}, retryTimes=2, error=client not connected, current status:STARTING
github.com/nacos-group/nacos-sdk-go/v2/common/remote/rpc.(*RpcClient).Request
	/Users/zngue/go/pkg/mod/github.com/nacos-group/nacos-sdk-go/v2@v2.3.5/common/remote/rpc/rpc_client.go:592
github.com/nacos-group/nacos-sdk-go/v2/clients/naming_client/naming_grpc.(*NamingGrpcProxy).requestToServer
	/Users/zngue/go/pkg/mod/github.com/nacos-group/nacos-sdk-go/v2@v2.3.5/clients/naming_client/naming_grpc/naming_grpc_proxy.go:88
github.com/nacos-group/nacos-sdk-go/v2/clients/naming_client/naming_grpc.(*NamingGrpcProxy).RegisterInstance
	/Users/zngue/go/pkg/mod/github.com/nacos-group/nacos-sdk-go/v2@v2.3.5/clients/naming_client/naming_grpc/naming_grpc_proxy.go:99
github.com/nacos-group/nacos-sdk-go/v2/clients/naming_client.(*NamingProxyDelegate).RegisterInstance
	/Users/zngue/go/pkg/mod/github.com/nacos-group/nacos-sdk-go/v2@v2.3.5/clients/naming_client/naming_proxy_delegate.go:92
github.com/nacos-group/nacos-sdk-go/v2/clients/naming_client.(*NamingClient).RegisterInstance
	/Users/zngue/go/pkg/mod/github.com/nacos-group/nacos-sdk-go/v2@v2.3.5/clients/naming_client/naming_client.go:125
github.com/zngue/zng_app/app/config/nacos.NewCenterOptions
	/Users/zngue/www/go/zng_go/zng_app/app/config/nacos/nacos.go:39
main.main
	/Users/zngue/www/go/zng_go/zng_app/cmd/user/main.go:10
runtime.main
	/opt/homebrew/Cellar/go/1.24.3/libexec/src/runtime/proc.go:283
runtime.goexit
	/opt/homebrew/Cellar/go/1.24.3/libexec/src/runtime/asm_arm64.s:1223
2026-01-23T15:22:41.762+0800	WARN	rpc/rpc_client.go:458	c5441a05-7cab-4db7-af2d-0c7c27ee69b9 fail to connect server, after trying 2 times, last try server is {serverIp:101.43.92.81 serverPort:10848 serverGrpcPort:11848}, error=server check request failed , err:rpc error: code = Unavailable desc = connection error: desc = "transport: Error while dialing: dial tcp 101.43.92.81:11848: connect: connection refused"
2026-01-23T15:23:33.793+0800	ERROR	cache/disk_cache.go:75	read cacheDir:/Users/zngue/www/go/zng_go/zng_app/cache/naming/develop failed!err:open /Users/zngue/www/go/zng_go/zng_app/cache/naming/develop: no such file or directory
2026-01-23T15:23:33.794+0800	INFO	naming_http/push_receiver.go:89	udp server start, port: 55191
2026-01-23T15:23:33.794+0800	INFO	rpc/rpc_client.go:157	init rpc client for name %!(EXTRA string=10c2d237-5116-4fe8-b1cf-9da7a4729772)
2026-01-23T15:23:33.794+0800	INFO	rpc/rpc_client.go:166	get app conn labels from client config map[] 
2026-01-23T15:23:33.794+0800	INFO	rpc/rpc_client.go:168	get app conn labels from env map[] 
2026-01-23T15:23:33.794+0800	INFO	rpc/rpc_client.go:171	final app conn labels : map[] 
2026-01-23T15:23:33.794+0800	INFO	rpc/rpc_client.go:327	[RpcClient.Start] 10c2d237-5116-4fe8-b1cf-9da7a4729772 try to connect to server on start up, server: {serverIp:101.43.92.81 serverPort:19848 serverGrpcPort:20848}
2026-01-23T15:23:33.794+0800	INFO	rpc/grpc_client.go:175	check tls config %!(EXTRA *constant.TLSConfig=&{false false false    })
2026-01-23T15:23:33.794+0800	INFO	rpc/grpc_client.go:180	try to get tls config from env
2026-01-23T15:23:33.794+0800	INFO	rpc/grpc_client.go:189	 tls config from env is not enable
2026-01-23T15:23:33.795+0800	INFO	util/common.go:96	Local IP:192.168.1.21
2026-01-23T15:23:33.833+0800	WARN	rpc/rpc_client.go:329	[RpcClient.Start] 10c2d237-5116-4fe8-b1cf-9da7a4729772 fail to connect to server on start up, error message=server check request failed , err:rpc error: code = Unavailable desc = connection error: desc = "transport: Error while dialing: dial tcp 101.43.92.81:20848: connect: connection refused", start up retry times left=2
2026-01-23T15:23:33.833+0800	INFO	rpc/rpc_client.go:327	[RpcClient.Start] 10c2d237-5116-4fe8-b1cf-9da7a4729772 try to connect to server on start up, server: {serverIp:101.43.92.81 serverPort:19848 serverGrpcPort:20848}
2026-01-23T15:23:33.833+0800	INFO	rpc/grpc_client.go:175	check tls config %!(EXTRA *constant.TLSConfig=&{false false false    })
2026-01-23T15:23:33.833+0800	INFO	rpc/grpc_client.go:180	try to get tls config from env
2026-01-23T15:23:33.833+0800	INFO	rpc/grpc_client.go:189	 tls config from env is not enable
2026-01-23T15:23:33.869+0800	WARN	rpc/rpc_client.go:329	[RpcClient.Start] 10c2d237-5116-4fe8-b1cf-9da7a4729772 fail to connect to server on start up, error message=server check request failed , err:rpc error: code = Unavailable desc = connection error: desc = "transport: Error while dialing: dial tcp 101.43.92.81:20848: connect: connection refused", start up retry times left=1
2026-01-23T15:23:33.869+0800	INFO	rpc/rpc_client.go:327	[RpcClient.Start] 10c2d237-5116-4fe8-b1cf-9da7a4729772 try to connect to server on start up, server: {serverIp:101.43.92.81 serverPort:19848 serverGrpcPort:20848}
2026-01-23T15:23:33.869+0800	INFO	rpc/grpc_client.go:175	check tls config %!(EXTRA *constant.TLSConfig=&{false false false    })
2026-01-23T15:23:33.869+0800	INFO	rpc/grpc_client.go:180	try to get tls config from env
2026-01-23T15:23:33.869+0800	INFO	rpc/grpc_client.go:189	 tls config from env is not enable
2026-01-23T15:23:33.905+0800	WARN	rpc/rpc_client.go:329	[RpcClient.Start] 10c2d237-5116-4fe8-b1cf-9da7a4729772 fail to connect to server on start up, error message=server check request failed , err:rpc error: code = Unavailable desc = connection error: desc = "transport: Error while dialing: dial tcp 101.43.92.81:20848: connect: connection refused", start up retry times left=0
2026-01-23T15:23:33.905+0800	INFO	rpc/rpc_client.go:427	10c2d237-5116-4fe8-b1cf-9da7a4729772 try to re connect to a new server, server is not appointed, will choose a random server.
2026-01-23T15:23:33.905+0800	INFO	rpc/grpc_client.go:175	check tls config %!(EXTRA *constant.TLSConfig=&{false false false    })
2026-01-23T15:23:33.905+0800	INFO	rpc/grpc_client.go:180	try to get tls config from env
2026-01-23T15:23:33.905+0800	INFO	rpc/grpc_client.go:189	 tls config from env is not enable
2026-01-23T15:23:33.905+0800	INFO	naming_grpc/naming_grpc_proxy.go:95	register instance namespaceId:<develop>,serviceName:<test_user> with instance:<{"instanceId":"","ip":"192.168.1.21","port":5826,"weight":1,"healthy":true,"enabled":true,"ephemeral":true,"clusterName":"test_user","serviceName":"","metadata":{},"instanceHeartBeatInterval":0,"ipDeleteTimeout":0,"instanceHeartBeatTimeOut":0}>
2026-01-23T15:23:33.905+0800	ERROR	rpc/rpc_client.go:630	Send request fail, request=InstanceRequest, body={"requestId":"","namespace":"develop","serviceName":"test_user","groupName":"test_user","module":"naming","type":"registerInstance","instance":{"instanceId":"","ip":"192.168.1.21","port":5826,"weight":1,"healthy":true,"enabled":true,"ephemeral":true,"clusterName":"test_user","serviceName":"","metadata":{},"instanceHeartBeatInterval":0,"ipDeleteTimeout":0,"instanceHeartBeatTimeOut":0}}, retryTimes=0, error=client not connected, current status:STARTING
github.com/nacos-group/nacos-sdk-go/v2/common/remote/rpc.(*RpcClient).Request
	/Users/zngue/go/pkg/mod/github.com/nacos-group/nacos-sdk-go/v2@v2.3.5/common/remote/rpc/rpc_client.go:592
github.com/nacos-group/nacos-sdk-go/v2/clients/naming_client/naming_grpc.(*NamingGrpcProxy).requestToServer
	/Users/zngue/go/pkg/mod/github.com/nacos-group/nacos-sdk-go/v2@v2.3.5/clients/naming_client/naming_grpc/naming_grpc_proxy.go:88
github.com/nacos-group/nacos-sdk-go/v2/clients/naming_client/naming_grpc.(*NamingGrpcProxy).RegisterInstance
	/Users/zngue/go/pkg/mod/github.com/nacos-group/nacos-sdk-go/v2@v2.3.5/clients/naming_client/naming_grpc/naming_grpc_proxy.go:99
github.com/nacos-group/nacos-sdk-go/v2/clients/naming_client.(*NamingProxyDelegate).RegisterInstance
	/Users/zngue/go/pkg/mod/github.com/nacos-group/nacos-sdk-go/v2@v2.3.5/clients/naming_client/naming_proxy_delegate.go:92
github.com/nacos-group/nacos-sdk-go/v2/clients/naming_client.(*NamingClient).RegisterInstance
	/Users/zngue/go/pkg/mod/github.com/nacos-group/nacos-sdk-go/v2@v2.3.5/clients/naming_client/naming_client.go:125
github.com/zngue/zng_app/app/config/nacos.NewCenterOptions
	/Users/zngue/www/go/zng_go/zng_app/app/config/nacos/nacos.go:39
main.main
	/Users/zngue/www/go/zng_go/zng_app/cmd/user/main.go:10
runtime.main
	/opt/homebrew/Cellar/go/1.24.3/libexec/src/runtime/proc.go:283
runtime.goexit
	/opt/homebrew/Cellar/go/1.24.3/libexec/src/runtime/asm_arm64.s:1223
2026-01-23T15:23:33.948+0800	INFO	rpc/grpc_client.go:175	check tls config %!(EXTRA *constant.TLSConfig=&{false false false    })
2026-01-23T15:23:33.948+0800	INFO	rpc/grpc_client.go:180	try to get tls config from env
2026-01-23T15:23:33.948+0800	INFO	rpc/grpc_client.go:189	 tls config from env is not enable
2026-01-23T15:23:33.983+0800	WARN	rpc/rpc_client.go:458	10c2d237-5116-4fe8-b1cf-9da7a4729772 fail to connect server, after trying 1 times, last try server is {serverIp:101.43.92.81 serverPort:19848 serverGrpcPort:20848}, error=server check request failed , err:rpc error: code = Unavailable desc = connection error: desc = "transport: Error while dialing: dial tcp 101.43.92.81:20848: connect: connection refused"
2026-01-23T15:23:34.007+0800	ERROR	rpc/rpc_client.go:630	Send request fail, request=InstanceRequest, body={"requestId":"","namespace":"develop","serviceName":"test_user","groupName":"test_user","module":"naming","type":"registerInstance","instance":{"instanceId":"","ip":"192.168.1.21","port":5826,"weight":1,"healthy":true,"enabled":true,"ephemeral":true,"clusterName":"test_user","serviceName":"","metadata":{},"instanceHeartBeatInterval":0,"ipDeleteTimeout":0,"instanceHeartBeatTimeOut":0}}, retryTimes=1, error=client not connected, current status:STARTING
github.com/nacos-group/nacos-sdk-go/v2/common/remote/rpc.(*RpcClient).Request
	/Users/zngue/go/pkg/mod/github.com/nacos-group/nacos-sdk-go/v2@v2.3.5/common/remote/rpc/rpc_client.go:592
github.com/nacos-group/nacos-sdk-go/v2/clients/naming_client/naming_grpc.(*NamingGrpcProxy).requestToServer
	/Users/zngue/go/pkg/mod/github.com/nacos-group/nacos-sdk-go/v2@v2.3.5/clients/naming_client/naming_grpc/naming_grpc_proxy.go:88
github.com/nacos-group/nacos-sdk-go/v2/clients/naming_client/naming_grpc.(*NamingGrpcProxy).RegisterInstance
	/Users/zngue/go/pkg/mod/github.com/nacos-group/nacos-sdk-go/v2@v2.3.5/clients/naming_client/naming_grpc/naming_grpc_proxy.go:99
github.com/nacos-group/nacos-sdk-go/v2/clients/naming_client.(*NamingProxyDelegate).RegisterInstance
	/Users/zngue/go/pkg/mod/github.com/nacos-group/nacos-sdk-go/v2@v2.3.5/clients/naming_client/naming_proxy_delegate.go:92
github.com/nacos-group/nacos-sdk-go/v2/clients/naming_client.(*NamingClient).RegisterInstance
	/Users/zngue/go/pkg/mod/github.com/nacos-group/nacos-sdk-go/v2@v2.3.5/clients/naming_client/naming_client.go:125
github.com/zngue/zng_app/app/config/nacos.NewCenterOptions
	/Users/zngue/www/go/zng_go/zng_app/app/config/nacos/nacos.go:39
main.main
	/Users/zngue/www/go/zng_go/zng_app/cmd/user/main.go:10
runtime.main
	/opt/homebrew/Cellar/go/1.24.3/libexec/src/runtime/proc.go:283
runtime.goexit
	/opt/homebrew/Cellar/go/1.24.3/libexec/src/runtime/asm_arm64.s:1223
2026-01-23T15:23:34.084+0800	INFO	rpc/grpc_client.go:175	check tls config %!(EXTRA *constant.TLSConfig=&{false false false    })
2026-01-23T15:23:34.084+0800	INFO	rpc/grpc_client.go:180	try to get tls config from env
2026-01-23T15:23:34.084+0800	INFO	rpc/grpc_client.go:189	 tls config from env is not enable
2026-01-23T15:23:34.108+0800	ERROR	rpc/rpc_client.go:630	Send request fail, request=InstanceRequest, body={"requestId":"","namespace":"develop","serviceName":"test_user","groupName":"test_user","module":"naming","type":"registerInstance","instance":{"instanceId":"","ip":"192.168.1.21","port":5826,"weight":1,"healthy":true,"enabled":true,"ephemeral":true,"clusterName":"test_user","serviceName":"","metadata":{},"instanceHeartBeatInterval":0,"ipDeleteTimeout":0,"instanceHeartBeatTimeOut":0}}, retryTimes=2, error=client not connected, current status:STARTING
github.com/nacos-group/nacos-sdk-go/v2/common/remote/rpc.(*RpcClient).Request
	/Users/zngue/go/pkg/mod/github.com/nacos-group/nacos-sdk-go/v2@v2.3.5/common/remote/rpc/rpc_client.go:592
github.com/nacos-group/nacos-sdk-go/v2/clients/naming_client/naming_grpc.(*NamingGrpcProxy).requestToServer
	/Users/zngue/go/pkg/mod/github.com/nacos-group/nacos-sdk-go/v2@v2.3.5/clients/naming_client/naming_grpc/naming_grpc_proxy.go:88
github.com/nacos-group/nacos-sdk-go/v2/clients/naming_client/naming_grpc.(*NamingGrpcProxy).RegisterInstance
	/Users/zngue/go/pkg/mod/github.com/nacos-group/nacos-sdk-go/v2@v2.3.5/clients/naming_client/naming_grpc/naming_grpc_proxy.go:99
github.com/nacos-group/nacos-sdk-go/v2/clients/naming_client.(*NamingProxyDelegate).RegisterInstance
	/Users/zngue/go/pkg/mod/github.com/nacos-group/nacos-sdk-go/v2@v2.3.5/clients/naming_client/naming_proxy_delegate.go:92
github.com/nacos-group/nacos-sdk-go/v2/clients/naming_client.(*NamingClient).RegisterInstance
	/Users/zngue/go/pkg/mod/github.com/nacos-group/nacos-sdk-go/v2@v2.3.5/clients/naming_client/naming_client.go:125
github.com/zngue/zng_app/app/config/nacos.NewCenterOptions
	/Users/zngue/www/go/zng_go/zng_app/app/config/nacos/nacos.go:39
main.main
	/Users/zngue/www/go/zng_go/zng_app/cmd/user/main.go:10
runtime.main
	/opt/homebrew/Cellar/go/1.24.3/libexec/src/runtime/proc.go:283
runtime.goexit
	/opt/homebrew/Cellar/go/1.24.3/libexec/src/runtime/asm_arm64.s:1223
2026-01-23T15:23:34.121+0800	WARN	rpc/rpc_client.go:458	10c2d237-5116-4fe8-b1cf-9da7a4729772 fail to connect server, after trying 2 times, last try server is {serverIp:101.43.92.81 serverPort:19848 serverGrpcPort:20848}, error=server check request failed , err:rpc error: code = Unavailable desc = connection error: desc = "transport: Error while dialing: dial tcp 101.43.92.81:20848: connect: connection refused"
2026-01-23T15:24:37.316+0800	ERROR	cache/disk_cache.go:75	read cacheDir:/Users/zngue/www/go/zng_go/zng_app/cache/naming/develop failed!err:open /Users/zngue/www/go/zng_go/zng_app/cache/naming/develop: no such file or directory
2026-01-23T15:24:37.316+0800	INFO	naming_http/push_receiver.go:89	udp server start, port: 55013
2026-01-23T15:24:37.317+0800	INFO	rpc/rpc_client.go:157	init rpc client for name %!(EXTRA string=b911fd5c-ac5c-4059-aed8-ec8e41b49882)
2026-01-23T15:24:37.317+0800	INFO	rpc/rpc_client.go:166	get app conn labels from client config map[] 
2026-01-23T15:24:37.317+0800	INFO	rpc/rpc_client.go:168	get app conn labels from env map[] 
2026-01-23T15:24:37.317+0800	INFO	rpc/rpc_client.go:171	final app conn labels : map[] 
2026-01-23T15:24:37.317+0800	INFO	rpc/rpc_client.go:327	[RpcClient.Start] b911fd5c-ac5c-4059-aed8-ec8e41b49882 try to connect to server on start up, server: {serverIp:101.43.92.81 serverPort:18848 serverGrpcPort:19848}
2026-01-23T15:24:37.317+0800	INFO	rpc/grpc_client.go:175	check tls config %!(EXTRA *constant.TLSConfig=&{false false false    })
2026-01-23T15:24:37.317+0800	INFO	rpc/grpc_client.go:180	try to get tls config from env
2026-01-23T15:24:37.317+0800	INFO	rpc/grpc_client.go:189	 tls config from env is not enable
2026-01-23T15:24:37.318+0800	INFO	util/common.go:96	Local IP:192.168.1.21
2026-01-23T15:24:37.369+0800	WARN	rpc/rpc_client.go:329	[RpcClient.Start] b911fd5c-ac5c-4059-aed8-ec8e41b49882 fail to connect to server on start up, error message=server check request failed , err:rpc error: code = Unavailable desc = connection error: desc = "transport: Error while dialing: dial tcp 101.43.92.81:19848: connect: connection refused", start up retry times left=2
2026-01-23T15:24:37.369+0800	INFO	rpc/rpc_client.go:327	[RpcClient.Start] b911fd5c-ac5c-4059-aed8-ec8e41b49882 try to connect to server on start up, server: {serverIp:101.43.92.81 serverPort:18848 serverGrpcPort:19848}
2026-01-23T15:24:37.369+0800	INFO	rpc/grpc_client.go:175	check tls config %!(EXTRA *constant.TLSConfig=&{false false false    })
2026-01-23T15:24:37.369+0800	INFO	rpc/grpc_client.go:180	try to get tls config from env
2026-01-23T15:24:37.369+0800	INFO	rpc/grpc_client.go:189	 tls config from env is not enable
2026-01-23T15:24:37.411+0800	WARN	rpc/rpc_client.go:329	[RpcClient.Start] b911fd5c-ac5c-4059-aed8-ec8e41b49882 fail to connect to server on start up, error message=server check request failed , err:rpc error: code = Unavailable desc = connection error: desc = "transport: Error while dialing: dial tcp 101.43.92.81:19848: connect: connection refused", start up retry times left=1
2026-01-23T15:24:37.411+0800	INFO	rpc/rpc_client.go:327	[RpcClient.Start] b911fd5c-ac5c-4059-aed8-ec8e41b49882 try to connect to server on start up, server: {serverIp:101.43.92.81 serverPort:18848 serverGrpcPort:19848}
2026-01-23T15:24:37.411+0800	INFO	rpc/grpc_client.go:175	check tls config %!(EXTRA *constant.TLSConfig=&{false false false    })
2026-01-23T15:24:37.411+0800	INFO	rpc/grpc_client.go:180	try to get tls config from env
2026-01-23T15:24:37.411+0800	INFO	rpc/grpc_client.go:189	 tls config from env is not enable
2026-01-23T15:24:37.450+0800	WARN	rpc/rpc_client.go:329	[RpcClient.Start] b911fd5c-ac5c-4059-aed8-ec8e41b49882 fail to connect to server on start up, error message=server check request failed , err:rpc error: code = Unavailable desc = connection error: desc = "transport: Error while dialing: dial tcp 101.43.92.81:19848: connect: connection refused", start up retry times left=0
2026-01-23T15:24:37.450+0800	INFO	rpc/rpc_client.go:427	b911fd5c-ac5c-4059-aed8-ec8e41b49882 try to re connect to a new server, server is not appointed, will choose a random server.
2026-01-23T15:24:37.450+0800	INFO	rpc/grpc_client.go:175	check tls config %!(EXTRA *constant.TLSConfig=&{false false false    })
2026-01-23T15:24:37.450+0800	INFO	rpc/grpc_client.go:180	try to get tls config from env
2026-01-23T15:24:37.450+0800	INFO	rpc/grpc_client.go:189	 tls config from env is not enable
2026-01-23T15:24:37.450+0800	INFO	naming_grpc/naming_grpc_proxy.go:95	register instance namespaceId:<develop>,serviceName:<test_user> with instance:<{"instanceId":"","ip":"192.168.1.21","port":5826,"weight":1,"healthy":true,"enabled":true,"ephemeral":true,"clusterName":"test_user","serviceName":"","metadata":{},"instanceHeartBeatInterval":0,"ipDeleteTimeout":0,"instanceHeartBeatTimeOut":0}>
2026-01-23T15:24:37.451+0800	ERROR	rpc/rpc_client.go:630	Send request fail, request=InstanceRequest, body={"requestId":"","namespace":"develop","serviceName":"test_user","groupName":"test_user","module":"naming","type":"registerInstance","instance":{"instanceId":"","ip":"192.168.1.21","port":5826,"weight":1,"healthy":true,"enabled":true,"ephemeral":true,"clusterName":"test_user","serviceName":"","metadata":{},"instanceHeartBeatInterval":0,"ipDeleteTimeout":0,"instanceHeartBeatTimeOut":0}}, retryTimes=0, error=client not connected, current status:STARTING
github.com/nacos-group/nacos-sdk-go/v2/common/remote/rpc.(*RpcClient).Request
	/Users/zngue/go/pkg/mod/github.com/nacos-group/nacos-sdk-go/v2@v2.3.5/common/remote/rpc/rpc_client.go:592
github.com/nacos-group/nacos-sdk-go/v2/clients/naming_client/naming_grpc.(*NamingGrpcProxy).requestToServer
	/Users/zngue/go/pkg/mod/github.com/nacos-group/nacos-sdk-go/v2@v2.3.5/clients/naming_client/naming_grpc/naming_grpc_proxy.go:88
github.com/nacos-group/nacos-sdk-go/v2/clients/naming_client/naming_grpc.(*NamingGrpcProxy).RegisterInstance
	/Users/zngue/go/pkg/mod/github.com/nacos-group/nacos-sdk-go/v2@v2.3.5/clients/naming_client/naming_grpc/naming_grpc_proxy.go:99
github.com/nacos-group/nacos-sdk-go/v2/clients/naming_client.(*NamingProxyDelegate).RegisterInstance
	/Users/zngue/go/pkg/mod/github.com/nacos-group/nacos-sdk-go/v2@v2.3.5/clients/naming_client/naming_proxy_delegate.go:92
github.com/nacos-group/nacos-sdk-go/v2/clients/naming_client.(*NamingClient).RegisterInstance
	/Users/zngue/go/pkg/mod/github.com/nacos-group/nacos-sdk-go/v2@v2.3.5/clients/naming_client/naming_client.go:125
github.com/zngue/zng_app/app/config/nacos.NewCenterOptions
	/Users/zngue/www/go/zng_go/zng_app/app/config/nacos/nacos.go:39
main.main
	/Users/zngue/www/go/zng_go/zng_app/cmd/user/main.go:10
runtime.main
	/opt/homebrew/Cellar/go/1.24.3/libexec/src/runtime/proc.go:283
runtime.goexit
	/opt/homebrew/Cellar/go/1.24.3/libexec/src/runtime/asm_arm64.s:1223
2026-01-23T15:24:37.504+0800	INFO	rpc/grpc_client.go:175	check tls config %!(EXTRA *constant.TLSConfig=&{false false false    })
2026-01-23T15:24:37.504+0800	INFO	rpc/grpc_client.go:180	try to get tls config from env
2026-01-23T15:24:37.504+0800	INFO	rpc/grpc_client.go:189	 tls config from env is not enable
2026-01-23T15:24:37.541+0800	WARN	rpc/rpc_client.go:458	b911fd5c-ac5c-4059-aed8-ec8e41b49882 fail to connect server, after trying 1 times, last try server is {serverIp:101.43.92.81 serverPort:18848 serverGrpcPort:19848}, error=server check request failed , err:rpc error: code = Unavailable desc = connection error: desc = "transport: Error while dialing: dial tcp 101.43.92.81:19848: connect: connection refused"
2026-01-23T15:24:37.552+0800	ERROR	rpc/rpc_client.go:630	Send request fail, request=InstanceRequest, body={"requestId":"","namespace":"develop","serviceName":"test_user","groupName":"test_user","module":"naming","type":"registerInstance","instance":{"instanceId":"","ip":"192.168.1.21","port":5826,"weight":1,"healthy":true,"enabled":true,"ephemeral":true,"clusterName":"test_user","serviceName":"","metadata":{},"instanceHeartBeatInterval":0,"ipDeleteTimeout":0,"instanceHeartBeatTimeOut":0}}, retryTimes=1, error=client not connected, current status:STARTING
github.com/nacos-group/nacos-sdk-go/v2/common/remote/rpc.(*RpcClient).Request
	/Users/zngue/go/pkg/mod/github.com/nacos-group/nacos-sdk-go/v2@v2.3.5/common/remote/rpc/rpc_client.go:592
github.com/nacos-group/nacos-sdk-go/v2/clients/naming_client/naming_grpc.(*NamingGrpcProxy).requestToServer
	/Users/zngue/go/pkg/mod/github.com/nacos-group/nacos-sdk-go/v2@v2.3.5/clients/naming_client/naming_grpc/naming_grpc_proxy.go:88
github.com/nacos-group/nacos-sdk-go/v2/clients/naming_client/naming_grpc.(*NamingGrpcProxy).RegisterInstance
	/Users/zngue/go/pkg/mod/github.com/nacos-group/nacos-sdk-go/v2@v2.3.5/clients/naming_client/naming_grpc/naming_grpc_proxy.go:99
github.com/nacos-group/nacos-sdk-go/v2/clients/naming_client.(*NamingProxyDelegate).RegisterInstance
	/Users/zngue/go/pkg/mod/github.com/nacos-group/nacos-sdk-go/v2@v2.3.5/clients/naming_client/naming_proxy_delegate.go:92
github.com/nacos-group/nacos-sdk-go/v2/clients/naming_client.(*NamingClient).RegisterInstance
	/Users/zngue/go/pkg/mod/github.com/nacos-group/nacos-sdk-go/v2@v2.3.5/clients/naming_client/naming_client.go:125
github.com/zngue/zng_app/app/config/nacos.NewCenterOptions
	/Users/zngue/www/go/zng_go/zng_app/app/config/nacos/nacos.go:39
main.main
	/Users/zngue/www/go/zng_go/zng_app/cmd/user/main.go:10
runtime.main
	/opt/homebrew/Cellar/go/1.24.3/libexec/src/runtime/proc.go:283
runtime.goexit
	/opt/homebrew/Cellar/go/1.24.3/libexec/src/runtime/asm_arm64.s:1223
2026-01-23T15:24:37.642+0800	INFO	rpc/grpc_client.go:175	check tls config %!(EXTRA *constant.TLSConfig=&{false false false    })
2026-01-23T15:24:37.642+0800	INFO	rpc/grpc_client.go:180	try to get tls config from env
2026-01-23T15:24:37.642+0800	INFO	rpc/grpc_client.go:189	 tls config from env is not enable
2026-01-23T15:24:37.653+0800	ERROR	rpc/rpc_client.go:630	Send request fail, request=InstanceRequest, body={"requestId":"","namespace":"develop","serviceName":"test_user","groupName":"test_user","module":"naming","type":"registerInstance","instance":{"instanceId":"","ip":"192.168.1.21","port":5826,"weight":1,"healthy":true,"enabled":true,"ephemeral":true,"clusterName":"test_user","serviceName":"","metadata":{},"instanceHeartBeatInterval":0,"ipDeleteTimeout":0,"instanceHeartBeatTimeOut":0}}, retryTimes=2, error=client not connected, current status:STARTING
github.com/nacos-group/nacos-sdk-go/v2/common/remote/rpc.(*RpcClient).Request
	/Users/zngue/go/pkg/mod/github.com/nacos-group/nacos-sdk-go/v2@v2.3.5/common/remote/rpc/rpc_client.go:592
github.com/nacos-group/nacos-sdk-go/v2/clients/naming_client/naming_grpc.(*NamingGrpcProxy).requestToServer
	/Users/zngue/go/pkg/mod/github.com/nacos-group/nacos-sdk-go/v2@v2.3.5/clients/naming_client/naming_grpc/naming_grpc_proxy.go:88
github.com/nacos-group/nacos-sdk-go/v2/clients/naming_client/naming_grpc.(*NamingGrpcProxy).RegisterInstance
	/Users/zngue/go/pkg/mod/github.com/nacos-group/nacos-sdk-go/v2@v2.3.5/clients/naming_client/naming_grpc/naming_grpc_proxy.go:99
github.com/nacos-group/nacos-sdk-go/v2/clients/naming_client.(*NamingProxyDelegate).RegisterInstance
	/Users/zngue/go/pkg/mod/github.com/nacos-group/nacos-sdk-go/v2@v2.3.5/clients/naming_client/naming_proxy_delegate.go:92
github.com/nacos-group/nacos-sdk-go/v2/clients/naming_client.(*NamingClient).RegisterInstance
	/Users/zngue/go/pkg/mod/github.com/nacos-group/nacos-sdk-go/v2@v2.3.5/clients/naming_client/naming_client.go:125
github.com/zngue/zng_app/app/config/nacos.NewCenterOptions
	/Users/zngue/www/go/zng_go/zng_app/app/config/nacos/nacos.go:39
main.main
	/Users/zngue/www/go/zng_go/zng_app/cmd/user/main.go:10
runtime.main
	/opt/homebrew/Cellar/go/1.24.3/libexec/src/runtime/proc.go:283
runtime.goexit
	/opt/homebrew/Cellar/go/1.24.3/libexec/src/runtime/asm_arm64.s:1223
2026-01-23T15:24:37.681+0800	WARN	rpc/rpc_client.go:458	b911fd5c-ac5c-4059-aed8-ec8e41b49882 fail to connect server, after trying 2 times, last try server is {serverIp:101.43.92.81 serverPort:18848 serverGrpcPort:19848}, error=server check request failed , err:rpc error: code = Unavailable desc = connection error: desc = "transport: Error while dialing: dial tcp 101.43.92.81:19848: connect: connection refused"
2026-01-23T15:25:20.498+0800	ERROR	cache/disk_cache.go:75	read cacheDir:/Users/zngue/www/go/zng_go/zng_app/cache/naming/develop failed!err:open /Users/zngue/www/go/zng_go/zng_app/cache/naming/develop: no such file or directory
2026-01-23T15:25:20.499+0800	INFO	naming_http/push_receiver.go:89	udp server start, port: 55263
2026-01-23T15:25:20.499+0800	INFO	rpc/rpc_client.go:157	init rpc client for name %!(EXTRA string=72a56384-6b8c-47e5-a69a-ab1f05a2c16a)
2026-01-23T15:25:20.499+0800	INFO	rpc/rpc_client.go:166	get app conn labels from client config map[] 
2026-01-23T15:25:20.499+0800	INFO	rpc/rpc_client.go:168	get app conn labels from env map[] 
2026-01-23T15:25:20.499+0800	INFO	rpc/rpc_client.go:171	final app conn labels : map[] 
2026-01-23T15:25:20.500+0800	INFO	rpc/rpc_client.go:327	[RpcClient.Start] 72a56384-6b8c-47e5-a69a-ab1f05a2c16a try to connect to server on start up, server: {serverIp:101.43.92.81 serverPort:18848 serverGrpcPort:19848}
2026-01-23T15:25:20.500+0800	INFO	rpc/grpc_client.go:175	check tls config %!(EXTRA *constant.TLSConfig=&{false false false    })
2026-01-23T15:25:20.500+0800	INFO	rpc/grpc_client.go:180	try to get tls config from env
2026-01-23T15:25:20.500+0800	INFO	rpc/grpc_client.go:189	 tls config from env is not enable
2026-01-23T15:25:20.500+0800	INFO	util/common.go:96	Local IP:192.168.1.21
2026-01-23T15:25:20.572+0800	WARN	rpc/rpc_client.go:329	[RpcClient.Start] 72a56384-6b8c-47e5-a69a-ab1f05a2c16a fail to connect to server on start up, error message=server check request failed , err:rpc error: code = Unavailable desc = connection error: desc = "transport: Error while dialing: dial tcp 101.43.92.81:19848: connect: connection refused", start up retry times left=2
2026-01-23T15:25:20.572+0800	INFO	rpc/rpc_client.go:327	[RpcClient.Start] 72a56384-6b8c-47e5-a69a-ab1f05a2c16a try to connect to server on start up, server: {serverIp:101.43.92.81 serverPort:18848 serverGrpcPort:19848}
2026-01-23T15:25:20.572+0800	INFO	rpc/grpc_client.go:175	check tls config %!(EXTRA *constant.TLSConfig=&{false false false    })
2026-01-23T15:25:20.572+0800	INFO	rpc/grpc_client.go:180	try to get tls config from env
2026-01-23T15:25:20.572+0800	INFO	rpc/grpc_client.go:189	 tls config from env is not enable
2026-01-23T15:25:20.689+0800	WARN	rpc/rpc_client.go:329	[RpcClient.Start] 72a56384-6b8c-47e5-a69a-ab1f05a2c16a fail to connect to server on start up, error message=server check request failed , err:rpc error: code = Unavailable desc = connection error: desc = "transport: Error while dialing: dial tcp 101.43.92.81:19848: connect: connection refused", start up retry times left=1
2026-01-23T15:25:20.689+0800	INFO	rpc/rpc_client.go:327	[RpcClient.Start] 72a56384-6b8c-47e5-a69a-ab1f05a2c16a try to connect to server on start up, server: {serverIp:101.43.92.81 serverPort:18848 serverGrpcPort:19848}
2026-01-23T15:25:20.689+0800	INFO	rpc/grpc_client.go:175	check tls config %!(EXTRA *constant.TLSConfig=&{false false false    })
2026-01-23T15:25:20.689+0800	INFO	rpc/grpc_client.go:180	try to get tls config from env
2026-01-23T15:25:20.689+0800	INFO	rpc/grpc_client.go:189	 tls config from env is not enable
2026-01-23T15:25:20.734+0800	WARN	rpc/rpc_client.go:329	[RpcClient.Start] 72a56384-6b8c-47e5-a69a-ab1f05a2c16a fail to connect to server on start up, error message=server check request failed , err:rpc error: code = Unavailable desc = connection error: desc = "transport: Error while dialing: dial tcp 101.43.92.81:19848: connect: connection refused", start up retry times left=0
2026-01-23T15:25:20.734+0800	INFO	rpc/rpc_client.go:427	72a56384-6b8c-47e5-a69a-ab1f05a2c16a try to re connect to a new server, server is not appointed, will choose a random server.
2026-01-23T15:25:20.734+0800	INFO	rpc/grpc_client.go:175	check tls config %!(EXTRA *constant.TLSConfig=&{false false false    })
2026-01-23T15:25:20.734+0800	INFO	rpc/grpc_client.go:180	try to get tls config from env
2026-01-23T15:25:20.734+0800	INFO	rpc/grpc_client.go:189	 tls config from env is not enable
2026-01-23T15:25:20.734+0800	INFO	naming_grpc/naming_grpc_proxy.go:95	register instance namespaceId:<develop>,serviceName:<test_user> with instance:<{"instanceId":"","ip":"192.168.1.21","port":5826,"weight":1,"healthy":true,"enabled":true,"ephemeral":true,"clusterName":"test_user","serviceName":"","metadata":{},"instanceHeartBeatInterval":0,"ipDeleteTimeout":0,"instanceHeartBeatTimeOut":0}>
2026-01-23T15:25:20.734+0800	ERROR	rpc/rpc_client.go:630	Send request fail, request=InstanceRequest, body={"requestId":"","namespace":"develop","serviceName":"test_user","groupName":"test_user","module":"naming","type":"registerInstance","instance":{"instanceId":"","ip":"192.168.1.21","port":5826,"weight":1,"healthy":true,"enabled":true,"ephemeral":true,"clusterName":"test_user","serviceName":"","metadata":{},"instanceHeartBeatInterval":0,"ipDeleteTimeout":0,"instanceHeartBeatTimeOut":0}}, retryTimes=0, error=client not connected, current status:STARTING
github.com/nacos-group/nacos-sdk-go/v2/common/remote/rpc.(*RpcClient).Request
	/Users/zngue/go/pkg/mod/github.com/nacos-group/nacos-sdk-go/v2@v2.3.5/common/remote/rpc/rpc_client.go:592
github.com/nacos-group/nacos-sdk-go/v2/clients/naming_client/naming_grpc.(*NamingGrpcProxy).requestToServer
	/Users/zngue/go/pkg/mod/github.com/nacos-group/nacos-sdk-go/v2@v2.3.5/clients/naming_client/naming_grpc/naming_grpc_proxy.go:88
github.com/nacos-group/nacos-sdk-go/v2/clients/naming_client/naming_grpc.(*NamingGrpcProxy).RegisterInstance
	/Users/zngue/go/pkg/mod/github.com/nacos-group/nacos-sdk-go/v2@v2.3.5/clients/naming_client/naming_grpc/naming_grpc_proxy.go:99
github.com/nacos-group/nacos-sdk-go/v2/clients/naming_client.(*NamingProxyDelegate).RegisterInstance
	/Users/zngue/go/pkg/mod/github.com/nacos-group/nacos-sdk-go/v2@v2.3.5/clients/naming_client/naming_proxy_delegate.go:92
github.com/nacos-group/nacos-sdk-go/v2/clients/naming_client.(*NamingClient).RegisterInstance
	/Users/zngue/go/pkg/mod/github.com/nacos-group/nacos-sdk-go/v2@v2.3.5/clients/naming_client/naming_client.go:125
github.com/zngue/zng_app/app/config/nacos.NewCenterOptions
	/Users/zngue/www/go/zng_go/zng_app/app/config/nacos/nacos.go:36
main.main
	/Users/zngue/www/go/zng_go/zng_app/cmd/user/main.go:10
runtime.main
	/opt/homebrew/Cellar/go/1.24.3/libexec/src/runtime/proc.go:283
runtime.goexit
	/opt/homebrew/Cellar/go/1.24.3/libexec/src/runtime/asm_arm64.s:1223
2026-01-23T15:25:20.796+0800	INFO	rpc/grpc_client.go:175	check tls config %!(EXTRA *constant.TLSConfig=&{false false false    })
2026-01-23T15:25:20.796+0800	INFO	rpc/grpc_client.go:180	try to get tls config from env
2026-01-23T15:25:20.796+0800	INFO	rpc/grpc_client.go:189	 tls config from env is not enable
2026-01-23T15:25:20.835+0800	ERROR	rpc/rpc_client.go:630	Send request fail, request=InstanceRequest, body={"requestId":"","namespace":"develop","serviceName":"test_user","groupName":"test_user","module":"naming","type":"registerInstance","instance":{"instanceId":"","ip":"192.168.1.21","port":5826,"weight":1,"healthy":true,"enabled":true,"ephemeral":true,"clusterName":"test_user","serviceName":"","metadata":{},"instanceHeartBeatInterval":0,"ipDeleteTimeout":0,"instanceHeartBeatTimeOut":0}}, retryTimes=1, error=client not connected, current status:STARTING
github.com/nacos-group/nacos-sdk-go/v2/common/remote/rpc.(*RpcClient).Request
	/Users/zngue/go/pkg/mod/github.com/nacos-group/nacos-sdk-go/v2@v2.3.5/common/remote/rpc/rpc_client.go:592
github.com/nacos-group/nacos-sdk-go/v2/clients/naming_client/naming_grpc.(*NamingGrpcProxy).requestToServer
	/Users/zngue/go/pkg/mod/github.com/nacos-group/nacos-sdk-go/v2@v2.3.5/clients/naming_client/naming_grpc/naming_grpc_proxy.go:88
github.com/nacos-group/nacos-sdk-go/v2/clients/naming_client/naming_grpc.(*NamingGrpcProxy).RegisterInstance
	/Users/zngue/go/pkg/mod/github.com/nacos-group/nacos-sdk-go/v2@v2.3.5/clients/naming_client/naming_grpc/naming_grpc_proxy.go:99
github.com/nacos-group/nacos-sdk-go/v2/clients/naming_client.(*NamingProxyDelegate).RegisterInstance
	/Users/zngue/go/pkg/mod/github.com/nacos-group/nacos-sdk-go/v2@v2.3.5/clients/naming_client/naming_proxy_delegate.go:92
github.com/nacos-group/nacos-sdk-go/v2/clients/naming_client.(*NamingClient).RegisterInstance
	/Users/zngue/go/pkg/mod/github.com/nacos-group/nacos-sdk-go/v2@v2.3.5/clients/naming_client/naming_client.go:125
github.com/zngue/zng_app/app/config/nacos.NewCenterOptions
	/Users/zngue/www/go/zng_go/zng_app/app/config/nacos/nacos.go:36
main.main
	/Users/zngue/www/go/zng_go/zng_app/cmd/user/main.go:10
runtime.main
	/opt/homebrew/Cellar/go/1.24.3/libexec/src/runtime/proc.go:283
runtime.goexit
	/opt/homebrew/Cellar/go/1.24.3/libexec/src/runtime/asm_arm64.s:1223
2026-01-23T15:25:20.858+0800	WARN	rpc/rpc_client.go:458	72a56384-6b8c-47e5-a69a-ab1f05a2c16a fail to connect server, after trying 1 times, last try server is {serverIp:101.43.92.81 serverPort:18848 serverGrpcPort:19848}, error=server check request failed , err:rpc error: code = Unavailable desc = connection error: desc = "transport: Error while dialing: dial tcp 101.43.92.81:19848: connect: connection refused"
2026-01-23T15:25:20.937+0800	ERROR	rpc/rpc_client.go:630	Send request fail, request=InstanceRequest, body={"requestId":"","namespace":"develop","serviceName":"test_user","groupName":"test_user","module":"naming","type":"registerInstance","instance":{"instanceId":"","ip":"192.168.1.21","port":5826,"weight":1,"healthy":true,"enabled":true,"ephemeral":true,"clusterName":"test_user","serviceName":"","metadata":{},"instanceHeartBeatInterval":0,"ipDeleteTimeout":0,"instanceHeartBeatTimeOut":0}}, retryTimes=2, error=client not connected, current status:STARTING
github.com/nacos-group/nacos-sdk-go/v2/common/remote/rpc.(*RpcClient).Request
	/Users/zngue/go/pkg/mod/github.com/nacos-group/nacos-sdk-go/v2@v2.3.5/common/remote/rpc/rpc_client.go:592
github.com/nacos-group/nacos-sdk-go/v2/clients/naming_client/naming_grpc.(*NamingGrpcProxy).requestToServer
	/Users/zngue/go/pkg/mod/github.com/nacos-group/nacos-sdk-go/v2@v2.3.5/clients/naming_client/naming_grpc/naming_grpc_proxy.go:88
github.com/nacos-group/nacos-sdk-go/v2/clients/naming_client/naming_grpc.(*NamingGrpcProxy).RegisterInstance
	/Users/zngue/go/pkg/mod/github.com/nacos-group/nacos-sdk-go/v2@v2.3.5/clients/naming_client/naming_grpc/naming_grpc_proxy.go:99
github.com/nacos-group/nacos-sdk-go/v2/clients/naming_client.(*NamingProxyDelegate).RegisterInstance
	/Users/zngue/go/pkg/mod/github.com/nacos-group/nacos-sdk-go/v2@v2.3.5/clients/naming_client/naming_proxy_delegate.go:92
github.com/nacos-group/nacos-sdk-go/v2/clients/naming_client.(*NamingClient).RegisterInstance
	/Users/zngue/go/pkg/mod/github.com/nacos-group/nacos-sdk-go/v2@v2.3.5/clients/naming_client/naming_client.go:125
github.com/zngue/zng_app/app/config/nacos.NewCenterOptions
	/Users/zngue/www/go/zng_go/zng_app/app/config/nacos/nacos.go:36
main.main
	/Users/zngue/www/go/zng_go/zng_app/cmd/user/main.go:10
runtime.main
	/opt/homebrew/Cellar/go/1.24.3/libexec/src/runtime/proc.go:283
runtime.goexit
	/opt/homebrew/Cellar/go/1.24.3/libexec/src/runtime/asm_arm64.s:1223
2026-01-23T15:25:20.959+0800	INFO	rpc/grpc_client.go:175	check tls config %!(EXTRA *constant.TLSConfig=&{false false false    })
2026-01-23T15:25:20.959+0800	INFO	rpc/grpc_client.go:180	try to get tls config from env
2026-01-23T15:25:20.959+0800	INFO	rpc/grpc_client.go:189	 tls config from env is not enable
2026-01-23T15:25:37.221+0800	ERROR	cache/disk_cache.go:75	read cacheDir:/Users/zngue/www/go/zng_go/zng_app/cache/naming/develop failed!err:open /Users/zngue/www/go/zng_go/zng_app/cache/naming/develop: no such file or directory
2026-01-23T15:25:37.221+0800	INFO	naming_http/push_receiver.go:89	udp server start, port: 55679
2026-01-23T15:25:37.222+0800	INFO	rpc/rpc_client.go:157	init rpc client for name %!(EXTRA string=2703f69e-cbe2-452e-8a93-210fb578c459)
2026-01-23T15:25:37.222+0800	INFO	rpc/rpc_client.go:166	get app conn labels from client config map[] 
2026-01-23T15:25:37.222+0800	INFO	rpc/rpc_client.go:168	get app conn labels from env map[] 
2026-01-23T15:25:37.222+0800	INFO	rpc/rpc_client.go:171	final app conn labels : map[] 
2026-01-23T15:25:37.222+0800	INFO	rpc/rpc_client.go:327	[RpcClient.Start] 2703f69e-cbe2-452e-8a93-210fb578c459 try to connect to server on start up, server: {serverIp:101.43.92.81 serverPort:19848 serverGrpcPort:20848}
2026-01-23T15:25:37.222+0800	INFO	rpc/grpc_client.go:175	check tls config %!(EXTRA *constant.TLSConfig=&{false false false    })
2026-01-23T15:25:37.222+0800	INFO	rpc/grpc_client.go:180	try to get tls config from env
2026-01-23T15:25:37.222+0800	INFO	rpc/grpc_client.go:189	 tls config from env is not enable
2026-01-23T15:25:37.223+0800	INFO	util/common.go:96	Local IP:192.168.1.21
2026-01-23T15:25:37.274+0800	WARN	rpc/rpc_client.go:329	[RpcClient.Start] 2703f69e-cbe2-452e-8a93-210fb578c459 fail to connect to server on start up, error message=server check request failed , err:rpc error: code = Unavailable desc = connection error: desc = "transport: Error while dialing: dial tcp 101.43.92.81:20848: connect: connection refused", start up retry times left=2
2026-01-23T15:25:37.274+0800	INFO	rpc/rpc_client.go:327	[RpcClient.Start] 2703f69e-cbe2-452e-8a93-210fb578c459 try to connect to server on start up, server: {serverIp:101.43.92.81 serverPort:19848 serverGrpcPort:20848}
2026-01-23T15:25:37.274+0800	INFO	rpc/grpc_client.go:175	check tls config %!(EXTRA *constant.TLSConfig=&{false false false    })
2026-01-23T15:25:37.274+0800	INFO	rpc/grpc_client.go:180	try to get tls config from env
2026-01-23T15:25:37.274+0800	INFO	rpc/grpc_client.go:189	 tls config from env is not enable
2026-01-23T15:25:37.311+0800	WARN	rpc/rpc_client.go:329	[RpcClient.Start] 2703f69e-cbe2-452e-8a93-210fb578c459 fail to connect to server on start up, error message=server check request failed , err:rpc error: code = Unavailable desc = connection error: desc = "transport: Error while dialing: dial tcp 101.43.92.81:20848: connect: connection refused", start up retry times left=1
2026-01-23T15:25:37.311+0800	INFO	rpc/rpc_client.go:327	[RpcClient.Start] 2703f69e-cbe2-452e-8a93-210fb578c459 try to connect to server on start up, server: {serverIp:101.43.92.81 serverPort:19848 serverGrpcPort:20848}
2026-01-23T15:25:37.311+0800	INFO	rpc/grpc_client.go:175	check tls config %!(EXTRA *constant.TLSConfig=&{false false false    })
2026-01-23T15:25:37.311+0800	INFO	rpc/grpc_client.go:180	try to get tls config from env
2026-01-23T15:25:37.311+0800	INFO	rpc/grpc_client.go:189	 tls config from env is not enable
2026-01-23T15:25:37.372+0800	WARN	rpc/rpc_client.go:329	[RpcClient.Start] 2703f69e-cbe2-452e-8a93-210fb578c459 fail to connect to server on start up, error message=server check request failed , err:rpc error: code = Unavailable desc = connection error: desc = "transport: Error while dialing: dial tcp 101.43.92.81:20848: connect: connection refused", start up retry times left=0
2026-01-23T15:25:37.373+0800	INFO	rpc/rpc_client.go:427	2703f69e-cbe2-452e-8a93-210fb578c459 try to re connect to a new server, server is not appointed, will choose a random server.
2026-01-23T15:25:37.373+0800	INFO	rpc/grpc_client.go:175	check tls config %!(EXTRA *constant.TLSConfig=&{false false false    })
2026-01-23T15:25:37.373+0800	INFO	rpc/grpc_client.go:180	try to get tls config from env
2026-01-23T15:25:37.373+0800	INFO	rpc/grpc_client.go:189	 tls config from env is not enable
2026-01-23T15:25:37.373+0800	INFO	naming_grpc/naming_grpc_proxy.go:95	register instance namespaceId:<develop>,serviceName:<test_user> with instance:<{"instanceId":"","ip":"192.168.1.21","port":5826,"weight":1,"healthy":true,"enabled":true,"ephemeral":true,"clusterName":"test_user","serviceName":"","metadata":{},"instanceHeartBeatInterval":0,"ipDeleteTimeout":0,"instanceHeartBeatTimeOut":0}>
2026-01-23T15:25:37.373+0800	ERROR	rpc/rpc_client.go:630	Send request fail, request=InstanceRequest, body={"requestId":"","namespace":"develop","serviceName":"test_user","groupName":"test_user","module":"naming","type":"registerInstance","instance":{"instanceId":"","ip":"192.168.1.21","port":5826,"weight":1,"healthy":true,"enabled":true,"ephemeral":true,"clusterName":"test_user","serviceName":"","metadata":{},"instanceHeartBeatInterval":0,"ipDeleteTimeout":0,"instanceHeartBeatTimeOut":0}}, retryTimes=0, error=client not connected, current status:STARTING
github.com/nacos-group/nacos-sdk-go/v2/common/remote/rpc.(*RpcClient).Request
	/Users/zngue/go/pkg/mod/github.com/nacos-group/nacos-sdk-go/v2@v2.3.5/common/remote/rpc/rpc_client.go:592
github.com/nacos-group/nacos-sdk-go/v2/clients/naming_client/naming_grpc.(*NamingGrpcProxy).requestToServer
	/Users/zngue/go/pkg/mod/github.com/nacos-group/nacos-sdk-go/v2@v2.3.5/clients/naming_client/naming_grpc/naming_grpc_proxy.go:88
github.com/nacos-group/nacos-sdk-go/v2/clients/naming_client/naming_grpc.(*NamingGrpcProxy).RegisterInstance
	/Users/zngue/go/pkg/mod/github.com/nacos-group/nacos-sdk-go/v2@v2.3.5/clients/naming_client/naming_grpc/naming_grpc_proxy.go:99
github.com/nacos-group/nacos-sdk-go/v2/clients/naming_client.(*NamingProxyDelegate).RegisterInstance
	/Users/zngue/go/pkg/mod/github.com/nacos-group/nacos-sdk-go/v2@v2.3.5/clients/naming_client/naming_proxy_delegate.go:92
github.com/nacos-group/nacos-sdk-go/v2/clients/naming_client.(*NamingClient).RegisterInstance
	/Users/zngue/go/pkg/mod/github.com/nacos-group/nacos-sdk-go/v2@v2.3.5/clients/naming_client/naming_client.go:125
github.com/zngue/zng_app/app/config/nacos.NewCenterOptions
	/Users/zngue/www/go/zng_go/zng_app/app/config/nacos/nacos.go:36
main.main
	/Users/zngue/www/go/zng_go/zng_app/cmd/user/main.go:10
runtime.main
	/opt/homebrew/Cellar/go/1.24.3/libexec/src/runtime/proc.go:283
runtime.goexit
	/opt/homebrew/Cellar/go/1.24.3/libexec/src/runtime/asm_arm64.s:1223
2026-01-23T15:25:37.428+0800	INFO	rpc/grpc_client.go:175	check tls config %!(EXTRA *constant.TLSConfig=&{false false false    })
2026-01-23T15:25:37.428+0800	INFO	rpc/grpc_client.go:180	try to get tls config from env
2026-01-23T15:25:37.428+0800	INFO	rpc/grpc_client.go:189	 tls config from env is not enable
2026-01-23T15:25:37.474+0800	ERROR	rpc/rpc_client.go:630	Send request fail, request=InstanceRequest, body={"requestId":"","namespace":"develop","serviceName":"test_user","groupName":"test_user","module":"naming","type":"registerInstance","instance":{"instanceId":"","ip":"192.168.1.21","port":5826,"weight":1,"healthy":true,"enabled":true,"ephemeral":true,"clusterName":"test_user","serviceName":"","metadata":{},"instanceHeartBeatInterval":0,"ipDeleteTimeout":0,"instanceHeartBeatTimeOut":0}}, retryTimes=1, error=client not connected, current status:STARTING
github.com/nacos-group/nacos-sdk-go/v2/common/remote/rpc.(*RpcClient).Request
	/Users/zngue/go/pkg/mod/github.com/nacos-group/nacos-sdk-go/v2@v2.3.5/common/remote/rpc/rpc_client.go:592
github.com/nacos-group/nacos-sdk-go/v2/clients/naming_client/naming_grpc.(*NamingGrpcProxy).requestToServer
	/Users/zngue/go/pkg/mod/github.com/nacos-group/nacos-sdk-go/v2@v2.3.5/clients/naming_client/naming_grpc/naming_grpc_proxy.go:88
github.com/nacos-group/nacos-sdk-go/v2/clients/naming_client/naming_grpc.(*NamingGrpcProxy).RegisterInstance
	/Users/zngue/go/pkg/mod/github.com/nacos-group/nacos-sdk-go/v2@v2.3.5/clients/naming_client/naming_grpc/naming_grpc_proxy.go:99
github.com/nacos-group/nacos-sdk-go/v2/clients/naming_client.(*NamingProxyDelegate).RegisterInstance
	/Users/zngue/go/pkg/mod/github.com/nacos-group/nacos-sdk-go/v2@v2.3.5/clients/naming_client/naming_proxy_delegate.go:92
github.com/nacos-group/nacos-sdk-go/v2/clients/naming_client.(*NamingClient).RegisterInstance
	/Users/zngue/go/pkg/mod/github.com/nacos-group/nacos-sdk-go/v2@v2.3.5/clients/naming_client/naming_client.go:125
github.com/zngue/zng_app/app/config/nacos.NewCenterOptions
	/Users/zngue/www/go/zng_go/zng_app/app/config/nacos/nacos.go:36
main.main
	/Users/zngue/www/go/zng_go/zng_app/cmd/user/main.go:10
runtime.main
	/opt/homebrew/Cellar/go/1.24.3/libexec/src/runtime/proc.go:283
runtime.goexit
	/opt/homebrew/Cellar/go/1.24.3/libexec/src/runtime/asm_arm64.s:1223
2026-01-23T15:25:37.475+0800	WARN	rpc/rpc_client.go:458	2703f69e-cbe2-452e-8a93-210fb578c459 fail to connect server, after trying 1 times, last try server is {serverIp:101.43.92.81 serverPort:19848 serverGrpcPort:20848}, error=server check request failed , err:rpc error: code = Unavailable desc = connection error: desc = "transport: Error while dialing: dial tcp 101.43.92.81:20848: connect: connection refused"
2026-01-23T15:25:37.575+0800	INFO	rpc/grpc_client.go:175	check tls config %!(EXTRA *constant.TLSConfig=&{false false false    })
2026-01-23T15:25:37.575+0800	INFO	rpc/grpc_client.go:180	try to get tls config from env
2026-01-23T15:25:37.575+0800	ERROR	rpc/rpc_client.go:630	Send request fail, request=InstanceRequest, body={"requestId":"","namespace":"develop","serviceName":"test_user","groupName":"test_user","module":"naming","type":"registerInstance","instance":{"instanceId":"","ip":"192.168.1.21","port":5826,"weight":1,"healthy":true,"enabled":true,"ephemeral":true,"clusterName":"test_user","serviceName":"","metadata":{},"instanceHeartBeatInterval":0,"ipDeleteTimeout":0,"instanceHeartBeatTimeOut":0}}, retryTimes=2, error=client not connected, current status:STARTING
github.com/nacos-group/nacos-sdk-go/v2/common/remote/rpc.(*RpcClient).Request
	/Users/zngue/go/pkg/mod/github.com/nacos-group/nacos-sdk-go/v2@v2.3.5/common/remote/rpc/rpc_client.go:592
github.com/nacos-group/nacos-sdk-go/v2/clients/naming_client/naming_grpc.(*NamingGrpcProxy).requestToServer
	/Users/zngue/go/pkg/mod/github.com/nacos-group/nacos-sdk-go/v2@v2.3.5/clients/naming_client/naming_grpc/naming_grpc_proxy.go:88
github.com/nacos-group/nacos-sdk-go/v2/clients/naming_client/naming_grpc.(*NamingGrpcProxy).RegisterInstance
	/Users/zngue/go/pkg/mod/github.com/nacos-group/nacos-sdk-go/v2@v2.3.5/clients/naming_client/naming_grpc/naming_grpc_proxy.go:99
github.com/nacos-group/nacos-sdk-go/v2/clients/naming_client.(*NamingProxyDelegate).RegisterInstance
	/Users/zngue/go/pkg/mod/github.com/nacos-group/nacos-sdk-go/v2@v2.3.5/clients/naming_client/naming_proxy_delegate.go:92
github.com/nacos-group/nacos-sdk-go/v2/clients/naming_client.(*NamingClient).RegisterInstance
	/Users/zngue/go/pkg/mod/github.com/nacos-group/nacos-sdk-go/v2@v2.3.5/clients/naming_client/naming_client.go:125
github.com/zngue/zng_app/app/config/nacos.NewCenterOptions
	/Users/zngue/www/go/zng_go/zng_app/app/config/nacos/nacos.go:36
main.main
	/Users/zngue/www/go/zng_go/zng_app/cmd/user/main.go:10
runtime.main
	/opt/homebrew/Cellar/go/1.24.3/libexec/src/runtime/proc.go:283
runtime.goexit
	/opt/homebrew/Cellar/go/1.24.3/libexec/src/runtime/asm_arm64.s:1223
2026-01-23T15:25:37.575+0800	INFO	rpc/grpc_client.go:189	 tls config from env is not enable
2026-01-23T15:25:37.614+0800	WARN	rpc/rpc_client.go:458	2703f69e-cbe2-452e-8a93-210fb578c459 fail to connect server, after trying 2 times, last try server is {serverIp:101.43.92.81 serverPort:19848 serverGrpcPort:20848}, error=server check request failed , err:rpc error: code = Unavailable desc = connection error: desc = "transport: Error while dialing: dial tcp 101.43.92.81:20848: connect: connection refused"
2026-01-23T15:36:31.865+0800	ERROR	cache/disk_cache.go:75	read cacheDir:/Users/zngue/www/go/zng_go/zng_app/cache/naming/develop failed!err:open /Users/zngue/www/go/zng_go/zng_app/cache/naming/develop: no such file or directory
2026-01-23T15:36:31.865+0800	INFO	naming_http/push_receiver.go:89	udp server start, port: 55739
2026-01-23T15:36:31.866+0800	INFO	rpc/rpc_client.go:157	init rpc client for name %!(EXTRA string=e9b7a44b-59e1-4289-8c09-5134853373e5)
2026-01-23T15:36:31.866+0800	INFO	rpc/rpc_client.go:166	get app conn labels from client config map[] 
2026-01-23T15:36:31.866+0800	INFO	rpc/rpc_client.go:168	get app conn labels from env map[] 
2026-01-23T15:36:31.866+0800	INFO	rpc/rpc_client.go:171	final app conn labels : map[] 
2026-01-23T15:36:31.866+0800	INFO	rpc/rpc_client.go:327	[RpcClient.Start] e9b7a44b-59e1-4289-8c09-5134853373e5 try to connect to server on start up, server: {serverIp:101.43.92.81 serverPort:18848 serverGrpcPort:19848}
2026-01-23T15:36:31.866+0800	INFO	rpc/grpc_client.go:175	check tls config %!(EXTRA *constant.TLSConfig=&{false false false    })
2026-01-23T15:36:31.866+0800	INFO	rpc/grpc_client.go:180	try to get tls config from env
2026-01-23T15:36:31.866+0800	INFO	rpc/grpc_client.go:189	 tls config from env is not enable
2026-01-23T15:36:31.867+0800	INFO	util/common.go:96	Local IP:192.168.1.21
2026-01-23T15:36:31.905+0800	WARN	rpc/rpc_client.go:329	[RpcClient.Start] e9b7a44b-59e1-4289-8c09-5134853373e5 fail to connect to server on start up, error message=server check request failed , err:rpc error: code = Unavailable desc = connection error: desc = "transport: Error while dialing: dial tcp 101.43.92.81:19848: connect: connection refused", start up retry times left=2
2026-01-23T15:36:31.905+0800	INFO	rpc/rpc_client.go:327	[RpcClient.Start] e9b7a44b-59e1-4289-8c09-5134853373e5 try to connect to server on start up, server: {serverIp:101.43.92.81 serverPort:18848 serverGrpcPort:19848}
2026-01-23T15:36:31.905+0800	INFO	rpc/grpc_client.go:175	check tls config %!(EXTRA *constant.TLSConfig=&{false false false    })
2026-01-23T15:36:31.905+0800	INFO	rpc/grpc_client.go:180	try to get tls config from env
2026-01-23T15:36:31.905+0800	INFO	rpc/grpc_client.go:189	 tls config from env is not enable
2026-01-23T15:36:31.941+0800	WARN	rpc/rpc_client.go:329	[RpcClient.Start] e9b7a44b-59e1-4289-8c09-5134853373e5 fail to connect to server on start up, error message=server check request failed , err:rpc error: code = Unavailable desc = connection error: desc = "transport: Error while dialing: dial tcp 101.43.92.81:19848: connect: connection refused", start up retry times left=1
2026-01-23T15:36:31.941+0800	INFO	rpc/rpc_client.go:327	[RpcClient.Start] e9b7a44b-59e1-4289-8c09-5134853373e5 try to connect to server on start up, server: {serverIp:101.43.92.81 serverPort:18848 serverGrpcPort:19848}
2026-01-23T15:36:31.941+0800	INFO	rpc/grpc_client.go:175	check tls config %!(EXTRA *constant.TLSConfig=&{false false false    })
2026-01-23T15:36:31.941+0800	INFO	rpc/grpc_client.go:180	try to get tls config from env
2026-01-23T15:36:31.941+0800	INFO	rpc/grpc_client.go:189	 tls config from env is not enable
2026-01-23T15:36:31.978+0800	WARN	rpc/rpc_client.go:329	[RpcClient.Start] e9b7a44b-59e1-4289-8c09-5134853373e5 fail to connect to server on start up, error message=server check request failed , err:rpc error: code = Unavailable desc = connection error: desc = "transport: Error while dialing: dial tcp 101.43.92.81:19848: connect: connection refused", start up retry times left=0
2026-01-23T15:36:31.978+0800	INFO	rpc/rpc_client.go:427	e9b7a44b-59e1-4289-8c09-5134853373e5 try to re connect to a new server, server is not appointed, will choose a random server.
2026-01-23T15:36:31.978+0800	INFO	rpc/grpc_client.go:175	check tls config %!(EXTRA *constant.TLSConfig=&{false false false    })
2026-01-23T15:36:31.978+0800	INFO	rpc/grpc_client.go:180	try to get tls config from env
2026-01-23T15:36:31.978+0800	INFO	rpc/grpc_client.go:189	 tls config from env is not enable
2026-01-23T15:36:31.978+0800	INFO	naming_grpc/naming_grpc_proxy.go:95	register instance namespaceId:<develop>,serviceName:<test_user> with instance:<{"instanceId":"","ip":"192.168.1.21","port":5826,"weight":1,"healthy":true,"enabled":true,"ephemeral":true,"clusterName":"test_user","serviceName":"","metadata":{},"instanceHeartBeatInterval":0,"ipDeleteTimeout":0,"instanceHeartBeatTimeOut":0}>
2026-01-23T15:36:31.978+0800	ERROR	rpc/rpc_client.go:630	Send request fail, request=InstanceRequest, body={"requestId":"","namespace":"develop","serviceName":"test_user","groupName":"test_user","module":"naming","type":"registerInstance","instance":{"instanceId":"","ip":"192.168.1.21","port":5826,"weight":1,"healthy":true,"enabled":true,"ephemeral":true,"clusterName":"test_user","serviceName":"","metadata":{},"instanceHeartBeatInterval":0,"ipDeleteTimeout":0,"instanceHeartBeatTimeOut":0}}, retryTimes=0, error=client not connected, current status:STARTING
github.com/nacos-group/nacos-sdk-go/v2/common/remote/rpc.(*RpcClient).Request
	/Users/zngue/go/pkg/mod/github.com/nacos-group/nacos-sdk-go/v2@v2.3.5/common/remote/rpc/rpc_client.go:592
github.com/nacos-group/nacos-sdk-go/v2/clients/naming_client/naming_grpc.(*NamingGrpcProxy).requestToServer
	/Users/zngue/go/pkg/mod/github.com/nacos-group/nacos-sdk-go/v2@v2.3.5/clients/naming_client/naming_grpc/naming_grpc_proxy.go:88
github.com/nacos-group/nacos-sdk-go/v2/clients/naming_client/naming_grpc.(*NamingGrpcProxy).RegisterInstance
	/Users/zngue/go/pkg/mod/github.com/nacos-group/nacos-sdk-go/v2@v2.3.5/clients/naming_client/naming_grpc/naming_grpc_proxy.go:99
github.com/nacos-group/nacos-sdk-go/v2/clients/naming_client.(*NamingProxyDelegate).RegisterInstance
	/Users/zngue/go/pkg/mod/github.com/nacos-group/nacos-sdk-go/v2@v2.3.5/clients/naming_client/naming_proxy_delegate.go:92
github.com/nacos-group/nacos-sdk-go/v2/clients/naming_client.(*NamingClient).RegisterInstance
	/Users/zngue/go/pkg/mod/github.com/nacos-group/nacos-sdk-go/v2@v2.3.5/clients/naming_client/naming_client.go:125
github.com/zngue/zng_app/app/config/nacos.NewCenterOptions
	/Users/zngue/www/go/zng_go/zng_app/app/config/nacos/nacos.go:36
main.main
	/Users/zngue/www/go/zng_go/zng_app/cmd/user/main.go:10
runtime.main
	/opt/homebrew/Cellar/go/1.24.3/libexec/src/runtime/proc.go:283
runtime.goexit
	/opt/homebrew/Cellar/go/1.24.3/libexec/src/runtime/asm_arm64.s:1223
2026-01-23T15:36:32.014+0800	INFO	rpc/grpc_client.go:175	check tls config %!(EXTRA *constant.TLSConfig=&{false false false    })
2026-01-23T15:36:32.014+0800	INFO	rpc/grpc_client.go:180	try to get tls config from env
2026-01-23T15:36:32.014+0800	INFO	rpc/grpc_client.go:189	 tls config from env is not enable
2026-01-23T15:36:32.053+0800	WARN	rpc/rpc_client.go:458	e9b7a44b-59e1-4289-8c09-5134853373e5 fail to connect server, after trying 1 times, last try server is {serverIp:101.43.92.81 serverPort:18848 serverGrpcPort:19848}, error=server check request failed , err:rpc error: code = Unavailable desc = connection error: desc = "transport: Error while dialing: dial tcp 101.43.92.81:19848: connect: connection refused"
2026-01-23T15:36:32.079+0800	ERROR	rpc/rpc_client.go:630	Send request fail, request=InstanceRequest, body={"requestId":"","namespace":"develop","serviceName":"test_user","groupName":"test_user","module":"naming","type":"registerInstance","instance":{"instanceId":"","ip":"192.168.1.21","port":5826,"weight":1,"healthy":true,"enabled":true,"ephemeral":true,"clusterName":"test_user","serviceName":"","metadata":{},"instanceHeartBeatInterval":0,"ipDeleteTimeout":0,"instanceHeartBeatTimeOut":0}}, retryTimes=1, error=client not connected, current status:STARTING
github.com/nacos-group/nacos-sdk-go/v2/common/remote/rpc.(*RpcClient).Request
	/Users/zngue/go/pkg/mod/github.com/nacos-group/nacos-sdk-go/v2@v2.3.5/common/remote/rpc/rpc_client.go:592
github.com/nacos-group/nacos-sdk-go/v2/clients/naming_client/naming_grpc.(*NamingGrpcProxy).requestToServer
	/Users/zngue/go/pkg/mod/github.com/nacos-group/nacos-sdk-go/v2@v2.3.5/clients/naming_client/naming_grpc/naming_grpc_proxy.go:88
github.com/nacos-group/nacos-sdk-go/v2/clients/naming_client/naming_grpc.(*NamingGrpcProxy).RegisterInstance
	/Users/zngue/go/pkg/mod/github.com/nacos-group/nacos-sdk-go/v2@v2.3.5/clients/naming_client/naming_grpc/naming_grpc_proxy.go:99
github.com/nacos-group/nacos-sdk-go/v2/clients/naming_client.(*NamingProxyDelegate).RegisterInstance
	/Users/zngue/go/pkg/mod/github.com/nacos-group/nacos-sdk-go/v2@v2.3.5/clients/naming_client/naming_proxy_delegate.go:92
github.com/nacos-group/nacos-sdk-go/v2/clients/naming_client.(*NamingClient).RegisterInstance
	/Users/zngue/go/pkg/mod/github.com/nacos-group/nacos-sdk-go/v2@v2.3.5/clients/naming_client/naming_client.go:125
github.com/zngue/zng_app/app/config/nacos.NewCenterOptions
	/Users/zngue/www/go/zng_go/zng_app/app/config/nacos/nacos.go:36
main.main
	/Users/zngue/www/go/zng_go/zng_app/cmd/user/main.go:10
runtime.main
	/opt/homebrew/Cellar/go/1.24.3/libexec/src/runtime/proc.go:283
runtime.goexit
	/opt/homebrew/Cellar/go/1.24.3/libexec/src/runtime/asm_arm64.s:1223
2026-01-23T15:36:32.154+0800	INFO	rpc/grpc_client.go:175	check tls config %!(EXTRA *constant.TLSConfig=&{false false false    })
2026-01-23T15:36:32.154+0800	INFO	rpc/grpc_client.go:180	try to get tls config from env
2026-01-23T15:36:32.154+0800	INFO	rpc/grpc_client.go:189	 tls config from env is not enable
2026-01-23T15:36:32.181+0800	ERROR	rpc/rpc_client.go:630	Send request fail, request=InstanceRequest, body={"requestId":"","namespace":"develop","serviceName":"test_user","groupName":"test_user","module":"naming","type":"registerInstance","instance":{"instanceId":"","ip":"192.168.1.21","port":5826,"weight":1,"healthy":true,"enabled":true,"ephemeral":true,"clusterName":"test_user","serviceName":"","metadata":{},"instanceHeartBeatInterval":0,"ipDeleteTimeout":0,"instanceHeartBeatTimeOut":0}}, retryTimes=2, error=client not connected, current status:STARTING
github.com/nacos-group/nacos-sdk-go/v2/common/remote/rpc.(*RpcClient).Request
	/Users/zngue/go/pkg/mod/github.com/nacos-group/nacos-sdk-go/v2@v2.3.5/common/remote/rpc/rpc_client.go:592
github.com/nacos-group/nacos-sdk-go/v2/clients/naming_client/naming_grpc.(*NamingGrpcProxy).requestToServer
	/Users/zngue/go/pkg/mod/github.com/nacos-group/nacos-sdk-go/v2@v2.3.5/clients/naming_client/naming_grpc/naming_grpc_proxy.go:88
github.com/nacos-group/nacos-sdk-go/v2/clients/naming_client/naming_grpc.(*NamingGrpcProxy).RegisterInstance
	/Users/zngue/go/pkg/mod/github.com/nacos-group/nacos-sdk-go/v2@v2.3.5/clients/naming_client/naming_grpc/naming_grpc_proxy.go:99
github.com/nacos-group/nacos-sdk-go/v2/clients/naming_client.(*NamingProxyDelegate).RegisterInstance
	/Users/zngue/go/pkg/mod/github.com/nacos-group/nacos-sdk-go/v2@v2.3.5/clients/naming_client/naming_proxy_delegate.go:92
github.com/nacos-group/nacos-sdk-go/v2/clients/naming_client.(*NamingClient).RegisterInstance
	/Users/zngue/go/pkg/mod/github.com/nacos-group/nacos-sdk-go/v2@v2.3.5/clients/naming_client/naming_client.go:125
github.com/zngue/zng_app/app/config/nacos.NewCenterOptions
	/Users/zngue/www/go/zng_go/zng_app/app/config/nacos/nacos.go:36
main.main
	/Users/zngue/www/go/zng_go/zng_app/cmd/user/main.go:10
runtime.main
	/opt/homebrew/Cellar/go/1.24.3/libexec/src/runtime/proc.go:283
runtime.goexit
	/opt/homebrew/Cellar/go/1.24.3/libexec/src/runtime/asm_arm64.s:1223
2026-01-23T15:36:32.193+0800	WARN	rpc/rpc_client.go:458	e9b7a44b-59e1-4289-8c09-5134853373e5 fail to connect server, after trying 2 times, last try server is {serverIp:101.43.92.81 serverPort:18848 serverGrpcPort:19848}, error=server check request failed , err:rpc error: code = Unavailable desc = connection error: desc = "transport: Error while dialing: dial tcp 101.43.92.81:19848: connect: connection refused"
2026-01-23T15:37:36.930+0800	ERROR	cache/disk_cache.go:75	read cacheDir:/Users/zngue/www/go/zng_go/zng_app/cache/naming/develop failed!err:open /Users/zngue/www/go/zng_go/zng_app/cache/naming/develop: no such file or directory
2026-01-23T15:37:36.931+0800	INFO	naming_http/push_receiver.go:89	udp server start, port: 55155
2026-01-23T15:37:36.931+0800	INFO	rpc/rpc_client.go:157	init rpc client for name %!(EXTRA string=754962ec-2f67-4659-a97f-a13a26dba8c8)
2026-01-23T15:37:36.931+0800	INFO	rpc/rpc_client.go:166	get app conn labels from client config map[] 
2026-01-23T15:37:36.931+0800	INFO	rpc/rpc_client.go:168	get app conn labels from env map[] 
2026-01-23T15:37:36.931+0800	INFO	rpc/rpc_client.go:171	final app conn labels : map[] 
2026-01-23T15:37:36.931+0800	INFO	rpc/rpc_client.go:327	[RpcClient.Start] 754962ec-2f67-4659-a97f-a13a26dba8c8 try to connect to server on start up, server: {serverIp:101.43.92.81 serverPort:10848 serverGrpcPort:11848}
2026-01-23T15:37:36.931+0800	INFO	rpc/grpc_client.go:175	check tls config %!(EXTRA *constant.TLSConfig=&{false false false    })
2026-01-23T15:37:36.931+0800	INFO	rpc/grpc_client.go:180	try to get tls config from env
2026-01-23T15:37:36.931+0800	INFO	rpc/grpc_client.go:189	 tls config from env is not enable
2026-01-23T15:37:36.932+0800	INFO	util/common.go:96	Local IP:192.168.1.21
2026-01-23T15:37:36.973+0800	WARN	rpc/rpc_client.go:329	[RpcClient.Start] 754962ec-2f67-4659-a97f-a13a26dba8c8 fail to connect to server on start up, error message=server check request failed , err:rpc error: code = Unavailable desc = connection error: desc = "transport: Error while dialing: dial tcp 101.43.92.81:11848: connect: connection refused", start up retry times left=2
2026-01-23T15:37:36.973+0800	INFO	rpc/rpc_client.go:327	[RpcClient.Start] 754962ec-2f67-4659-a97f-a13a26dba8c8 try to connect to server on start up, server: {serverIp:101.43.92.81 serverPort:10848 serverGrpcPort:11848}
2026-01-23T15:37:36.973+0800	INFO	rpc/grpc_client.go:175	check tls config %!(EXTRA *constant.TLSConfig=&{false false false    })
2026-01-23T15:37:36.973+0800	INFO	rpc/grpc_client.go:180	try to get tls config from env
2026-01-23T15:37:36.973+0800	INFO	rpc/grpc_client.go:189	 tls config from env is not enable
2026-01-23T15:37:37.009+0800	WARN	rpc/rpc_client.go:329	[RpcClient.Start] 754962ec-2f67-4659-a97f-a13a26dba8c8 fail to connect to server on start up, error message=server check request failed , err:rpc error: code = Unavailable desc = connection error: desc = "transport: Error while dialing: dial tcp 101.43.92.81:11848: connect: connection refused", start up retry times left=1
2026-01-23T15:37:37.009+0800	INFO	rpc/rpc_client.go:327	[RpcClient.Start] 754962ec-2f67-4659-a97f-a13a26dba8c8 try to connect to server on start up, server: {serverIp:101.43.92.81 serverPort:10848 serverGrpcPort:11848}
2026-01-23T15:37:37.009+0800	INFO	rpc/grpc_client.go:175	check tls config %!(EXTRA *constant.TLSConfig=&{false false false    })
2026-01-23T15:37:37.009+0800	INFO	rpc/grpc_client.go:180	try to get tls config from env
2026-01-23T15:37:37.009+0800	INFO	rpc/grpc_client.go:189	 tls config from env is not enable
2026-01-23T15:37:37.046+0800	WARN	rpc/rpc_client.go:329	[RpcClient.Start] 754962ec-2f67-4659-a97f-a13a26dba8c8 fail to connect to server on start up, error message=server check request failed , err:rpc error: code = Unavailable desc = connection error: desc = "transport: Error while dialing: dial tcp 101.43.92.81:11848: connect: connection refused", start up retry times left=0
2026-01-23T15:37:37.047+0800	INFO	rpc/rpc_client.go:427	754962ec-2f67-4659-a97f-a13a26dba8c8 try to re connect to a new server, server is not appointed, will choose a random server.
2026-01-23T15:37:37.047+0800	INFO	rpc/grpc_client.go:175	check tls config %!(EXTRA *constant.TLSConfig=&{false false false    })
2026-01-23T15:37:37.047+0800	INFO	rpc/grpc_client.go:180	try to get tls config from env
2026-01-23T15:37:37.047+0800	INFO	rpc/grpc_client.go:189	 tls config from env is not enable
2026-01-23T15:37:37.047+0800	INFO	naming_grpc/naming_grpc_proxy.go:95	register instance namespaceId:<develop>,serviceName:<test_user> with instance:<{"instanceId":"","ip":"192.168.1.21","port":5826,"weight":1,"healthy":true,"enabled":true,"ephemeral":true,"clusterName":"test_user","serviceName":"","metadata":{},"instanceHeartBeatInterval":0,"ipDeleteTimeout":0,"instanceHeartBeatTimeOut":0}>
2026-01-23T15:37:37.047+0800	ERROR	rpc/rpc_client.go:630	Send request fail, request=InstanceRequest, body={"requestId":"","namespace":"develop","serviceName":"test_user","groupName":"test_user","module":"naming","type":"registerInstance","instance":{"instanceId":"","ip":"192.168.1.21","port":5826,"weight":1,"healthy":true,"enabled":true,"ephemeral":true,"clusterName":"test_user","serviceName":"","metadata":{},"instanceHeartBeatInterval":0,"ipDeleteTimeout":0,"instanceHeartBeatTimeOut":0}}, retryTimes=0, error=client not connected, current status:STARTING
github.com/nacos-group/nacos-sdk-go/v2/common/remote/rpc.(*RpcClient).Request
	/Users/zngue/go/pkg/mod/github.com/nacos-group/nacos-sdk-go/v2@v2.3.5/common/remote/rpc/rpc_client.go:592
github.com/nacos-group/nacos-sdk-go/v2/clients/naming_client/naming_grpc.(*NamingGrpcProxy).requestToServer
	/Users/zngue/go/pkg/mod/github.com/nacos-group/nacos-sdk-go/v2@v2.3.5/clients/naming_client/naming_grpc/naming_grpc_proxy.go:88
github.com/nacos-group/nacos-sdk-go/v2/clients/naming_client/naming_grpc.(*NamingGrpcProxy).RegisterInstance
	/Users/zngue/go/pkg/mod/github.com/nacos-group/nacos-sdk-go/v2@v2.3.5/clients/naming_client/naming_grpc/naming_grpc_proxy.go:99
github.com/nacos-group/nacos-sdk-go/v2/clients/naming_client.(*NamingProxyDelegate).RegisterInstance
	/Users/zngue/go/pkg/mod/github.com/nacos-group/nacos-sdk-go/v2@v2.3.5/clients/naming_client/naming_proxy_delegate.go:92
github.com/nacos-group/nacos-sdk-go/v2/clients/naming_client.(*NamingClient).RegisterInstance
	/Users/zngue/go/pkg/mod/github.com/nacos-group/nacos-sdk-go/v2@v2.3.5/clients/naming_client/naming_client.go:125
github.com/zngue/zng_app/app/config/nacos.NewCenterOptions
	/Users/zngue/www/go/zng_go/zng_app/app/config/nacos/nacos.go:36
main.main
	/Users/zngue/www/go/zng_go/zng_app/cmd/user/main.go:10
runtime.main
	/opt/homebrew/Cellar/go/1.24.3/libexec/src/runtime/proc.go:283
runtime.goexit
	/opt/homebrew/Cellar/go/1.24.3/libexec/src/runtime/asm_arm64.s:1223
2026-01-23T15:37:37.085+0800	INFO	rpc/grpc_client.go:175	check tls config %!(EXTRA *constant.TLSConfig=&{false false false    })
2026-01-23T15:37:37.085+0800	INFO	rpc/grpc_client.go:180	try to get tls config from env
2026-01-23T15:37:37.085+0800	INFO	rpc/grpc_client.go:189	 tls config from env is not enable
2026-01-23T15:37:37.122+0800	WARN	rpc/rpc_client.go:458	754962ec-2f67-4659-a97f-a13a26dba8c8 fail to connect server, after trying 1 times, last try server is {serverIp:101.43.92.81 serverPort:10848 serverGrpcPort:11848}, error=server check request failed , err:rpc error: code = Unavailable desc = connection error: desc = "transport: Error while dialing: dial tcp 101.43.92.81:11848: connect: connection refused"
2026-01-23T15:37:37.148+0800	ERROR	rpc/rpc_client.go:630	Send request fail, request=InstanceRequest, body={"requestId":"","namespace":"develop","serviceName":"test_user","groupName":"test_user","module":"naming","type":"registerInstance","instance":{"instanceId":"","ip":"192.168.1.21","port":5826,"weight":1,"healthy":true,"enabled":true,"ephemeral":true,"clusterName":"test_user","serviceName":"","metadata":{},"instanceHeartBeatInterval":0,"ipDeleteTimeout":0,"instanceHeartBeatTimeOut":0}}, retryTimes=1, error=client not connected, current status:STARTING
github.com/nacos-group/nacos-sdk-go/v2/common/remote/rpc.(*RpcClient).Request
	/Users/zngue/go/pkg/mod/github.com/nacos-group/nacos-sdk-go/v2@v2.3.5/common/remote/rpc/rpc_client.go:592
github.com/nacos-group/nacos-sdk-go/v2/clients/naming_client/naming_grpc.(*NamingGrpcProxy).requestToServer
	/Users/zngue/go/pkg/mod/github.com/nacos-group/nacos-sdk-go/v2@v2.3.5/clients/naming_client/naming_grpc/naming_grpc_proxy.go:88
github.com/nacos-group/nacos-sdk-go/v2/clients/naming_client/naming_grpc.(*NamingGrpcProxy).RegisterInstance
	/Users/zngue/go/pkg/mod/github.com/nacos-group/nacos-sdk-go/v2@v2.3.5/clients/naming_client/naming_grpc/naming_grpc_proxy.go:99
github.com/nacos-group/nacos-sdk-go/v2/clients/naming_client.(*NamingProxyDelegate).RegisterInstance
	/Users/zngue/go/pkg/mod/github.com/nacos-group/nacos-sdk-go/v2@v2.3.5/clients/naming_client/naming_proxy_delegate.go:92
github.com/nacos-group/nacos-sdk-go/v2/clients/naming_client.(*NamingClient).RegisterInstance
	/Users/zngue/go/pkg/mod/github.com/nacos-group/nacos-sdk-go/v2@v2.3.5/clients/naming_client/naming_client.go:125
github.com/zngue/zng_app/app/config/nacos.NewCenterOptions
	/Users/zngue/www/go/zng_go/zng_app/app/config/nacos/nacos.go:36
main.main
	/Users/zngue/www/go/zng_go/zng_app/cmd/user/main.go:10
runtime.main
	/opt/homebrew/Cellar/go/1.24.3/libexec/src/runtime/proc.go:283
runtime.goexit
	/opt/homebrew/Cellar/go/1.24.3/libexec/src/runtime/asm_arm64.s:1223
2026-01-23T15:37:37.223+0800	INFO	rpc/grpc_client.go:175	check tls config %!(EXTRA *constant.TLSConfig=&{false false false    })
2026-01-23T15:37:37.223+0800	INFO	rpc/grpc_client.go:180	try to get tls config from env
2026-01-23T15:37:37.223+0800	INFO	rpc/grpc_client.go:189	 tls config from env is not enable
2026-01-23T15:37:37.249+0800	ERROR	rpc/rpc_client.go:630	Send request fail, request=InstanceRequest, body={"requestId":"","namespace":"develop","serviceName":"test_user","groupName":"test_user","module":"naming","type":"registerInstance","instance":{"instanceId":"","ip":"192.168.1.21","port":5826,"weight":1,"healthy":true,"enabled":true,"ephemeral":true,"clusterName":"test_user","serviceName":"","metadata":{},"instanceHeartBeatInterval":0,"ipDeleteTimeout":0,"instanceHeartBeatTimeOut":0}}, retryTimes=2, error=client not connected, current status:STARTING
github.com/nacos-group/nacos-sdk-go/v2/common/remote/rpc.(*RpcClient).Request
	/Users/zngue/go/pkg/mod/github.com/nacos-group/nacos-sdk-go/v2@v2.3.5/common/remote/rpc/rpc_client.go:592
github.com/nacos-group/nacos-sdk-go/v2/clients/naming_client/naming_grpc.(*NamingGrpcProxy).requestToServer
	/Users/zngue/go/pkg/mod/github.com/nacos-group/nacos-sdk-go/v2@v2.3.5/clients/naming_client/naming_grpc/naming_grpc_proxy.go:88
github.com/nacos-group/nacos-sdk-go/v2/clients/naming_client/naming_grpc.(*NamingGrpcProxy).RegisterInstance
	/Users/zngue/go/pkg/mod/github.com/nacos-group/nacos-sdk-go/v2@v2.3.5/clients/naming_client/naming_grpc/naming_grpc_proxy.go:99
github.com/nacos-group/nacos-sdk-go/v2/clients/naming_client.(*NamingProxyDelegate).RegisterInstance
	/Users/zngue/go/pkg/mod/github.com/nacos-group/nacos-sdk-go/v2@v2.3.5/clients/naming_client/naming_proxy_delegate.go:92
github.com/nacos-group/nacos-sdk-go/v2/clients/naming_client.(*NamingClient).RegisterInstance
	/Users/zngue/go/pkg/mod/github.com/nacos-group/nacos-sdk-go/v2@v2.3.5/clients/naming_client/naming_client.go:125
github.com/zngue/zng_app/app/config/nacos.NewCenterOptions
	/Users/zngue/www/go/zng_go/zng_app/app/config/nacos/nacos.go:36
main.main
	/Users/zngue/www/go/zng_go/zng_app/cmd/user/main.go:10
runtime.main
	/opt/homebrew/Cellar/go/1.24.3/libexec/src/runtime/proc.go:283
runtime.goexit
	/opt/homebrew/Cellar/go/1.24.3/libexec/src/runtime/asm_arm64.s:1223
2026-01-23T15:37:37.265+0800	WARN	rpc/rpc_client.go:458	754962ec-2f67-4659-a97f-a13a26dba8c8 fail to connect server, after trying 2 times, last try server is {serverIp:101.43.92.81 serverPort:10848 serverGrpcPort:11848}, error=server check request failed , err:rpc error: code = Unavailable desc = connection error: desc = "transport: Error while dialing: dial tcp 101.43.92.81:11848: connect: connection refused"
2026-01-23T15:38:19.850+0800	ERROR	cache/disk_cache.go:75	read cacheDir:/Users/zngue/www/go/zng_go/zng_app/cache/naming/develop failed!err:open /Users/zngue/www/go/zng_go/zng_app/cache/naming/develop: no such file or directory
2026-01-23T15:38:19.851+0800	INFO	naming_http/push_receiver.go:89	udp server start, port: 55834
2026-01-23T15:38:19.851+0800	INFO	rpc/rpc_client.go:157	init rpc client for name %!(EXTRA string=2cf9afe1-b6cc-4834-9994-c87c2f1464cc)
2026-01-23T15:38:19.851+0800	INFO	rpc/rpc_client.go:166	get app conn labels from client config map[] 
2026-01-23T15:38:19.851+0800	INFO	rpc/rpc_client.go:168	get app conn labels from env map[] 
2026-01-23T15:38:19.851+0800	INFO	rpc/rpc_client.go:171	final app conn labels : map[] 
2026-01-23T15:38:19.851+0800	INFO	rpc/rpc_client.go:327	[RpcClient.Start] 2cf9afe1-b6cc-4834-9994-c87c2f1464cc try to connect to server on start up, server: {serverIp:101.43.92.81 serverPort:10848 serverGrpcPort:11848}
2026-01-23T15:38:19.851+0800	INFO	rpc/grpc_client.go:175	check tls config %!(EXTRA *constant.TLSConfig=&{false false false    })
2026-01-23T15:38:19.851+0800	INFO	rpc/grpc_client.go:180	try to get tls config from env
2026-01-23T15:38:19.852+0800	INFO	rpc/grpc_client.go:189	 tls config from env is not enable
2026-01-23T15:38:19.852+0800	INFO	util/common.go:96	Local IP:192.168.1.21
2026-01-23T15:38:19.889+0800	WARN	rpc/rpc_client.go:329	[RpcClient.Start] 2cf9afe1-b6cc-4834-9994-c87c2f1464cc fail to connect to server on start up, error message=server check request failed , err:rpc error: code = Unavailable desc = connection error: desc = "transport: Error while dialing: dial tcp 101.43.92.81:11848: connect: connection refused", start up retry times left=2
2026-01-23T15:38:19.889+0800	INFO	rpc/rpc_client.go:327	[RpcClient.Start] 2cf9afe1-b6cc-4834-9994-c87c2f1464cc try to connect to server on start up, server: {serverIp:101.43.92.81 serverPort:10848 serverGrpcPort:11848}
2026-01-23T15:38:19.889+0800	INFO	rpc/grpc_client.go:175	check tls config %!(EXTRA *constant.TLSConfig=&{false false false    })
2026-01-23T15:38:19.889+0800	INFO	rpc/grpc_client.go:180	try to get tls config from env
2026-01-23T15:38:19.889+0800	INFO	rpc/grpc_client.go:189	 tls config from env is not enable
2026-01-23T15:38:19.924+0800	WARN	rpc/rpc_client.go:329	[RpcClient.Start] 2cf9afe1-b6cc-4834-9994-c87c2f1464cc fail to connect to server on start up, error message=server check request failed , err:rpc error: code = Unavailable desc = connection error: desc = "transport: Error while dialing: dial tcp 101.43.92.81:11848: connect: connection refused", start up retry times left=1
2026-01-23T15:38:19.925+0800	INFO	rpc/rpc_client.go:327	[RpcClient.Start] 2cf9afe1-b6cc-4834-9994-c87c2f1464cc try to connect to server on start up, server: {serverIp:101.43.92.81 serverPort:10848 serverGrpcPort:11848}
2026-01-23T15:38:19.925+0800	INFO	rpc/grpc_client.go:175	check tls config %!(EXTRA *constant.TLSConfig=&{false false false    })
2026-01-23T15:38:19.925+0800	INFO	rpc/grpc_client.go:180	try to get tls config from env
2026-01-23T15:38:19.925+0800	INFO	rpc/grpc_client.go:189	 tls config from env is not enable
2026-01-23T15:38:19.960+0800	WARN	rpc/rpc_client.go:329	[RpcClient.Start] 2cf9afe1-b6cc-4834-9994-c87c2f1464cc fail to connect to server on start up, error message=server check request failed , err:rpc error: code = Unavailable desc = connection error: desc = "transport: Error while dialing: dial tcp 101.43.92.81:11848: connect: connection refused", start up retry times left=0
2026-01-23T15:38:19.960+0800	INFO	rpc/rpc_client.go:427	2cf9afe1-b6cc-4834-9994-c87c2f1464cc try to re connect to a new server, server is not appointed, will choose a random server.
2026-01-23T15:38:19.960+0800	INFO	rpc/grpc_client.go:175	check tls config %!(EXTRA *constant.TLSConfig=&{false false false    })
2026-01-23T15:38:19.960+0800	INFO	rpc/grpc_client.go:180	try to get tls config from env
2026-01-23T15:38:19.960+0800	INFO	rpc/grpc_client.go:189	 tls config from env is not enable
2026-01-23T15:38:19.960+0800	INFO	naming_grpc/naming_grpc_proxy.go:95	register instance namespaceId:<develop>,serviceName:<test_user> with instance:<{"instanceId":"","ip":"192.168.1.21","port":5826,"weight":1,"healthy":true,"enabled":true,"ephemeral":true,"clusterName":"test_user","serviceName":"","metadata":{},"instanceHeartBeatInterval":0,"ipDeleteTimeout":0,"instanceHeartBeatTimeOut":0}>
2026-01-23T15:38:19.960+0800	ERROR	rpc/rpc_client.go:630	Send request fail, request=InstanceRequest, body={"requestId":"","namespace":"develop","serviceName":"test_user","groupName":"test_user","module":"naming","type":"registerInstance","instance":{"instanceId":"","ip":"192.168.1.21","port":5826,"weight":1,"healthy":true,"enabled":true,"ephemeral":true,"clusterName":"test_user","serviceName":"","metadata":{},"instanceHeartBeatInterval":0,"ipDeleteTimeout":0,"instanceHeartBeatTimeOut":0}}, retryTimes=0, error=client not connected, current status:STARTING
github.com/nacos-group/nacos-sdk-go/v2/common/remote/rpc.(*RpcClient).Request
	/Users/zngue/go/pkg/mod/github.com/nacos-group/nacos-sdk-go/v2@v2.3.5/common/remote/rpc/rpc_client.go:592
github.com/nacos-group/nacos-sdk-go/v2/clients/naming_client/naming_grpc.(*NamingGrpcProxy).requestToServer
	/Users/zngue/go/pkg/mod/github.com/nacos-group/nacos-sdk-go/v2@v2.3.5/clients/naming_client/naming_grpc/naming_grpc_proxy.go:88
github.com/nacos-group/nacos-sdk-go/v2/clients/naming_client/naming_grpc.(*NamingGrpcProxy).RegisterInstance
	/Users/zngue/go/pkg/mod/github.com/nacos-group/nacos-sdk-go/v2@v2.3.5/clients/naming_client/naming_grpc/naming_grpc_proxy.go:99
github.com/nacos-group/nacos-sdk-go/v2/clients/naming_client.(*NamingProxyDelegate).RegisterInstance
	/Users/zngue/go/pkg/mod/github.com/nacos-group/nacos-sdk-go/v2@v2.3.5/clients/naming_client/naming_proxy_delegate.go:92
github.com/nacos-group/nacos-sdk-go/v2/clients/naming_client.(*NamingClient).RegisterInstance
	/Users/zngue/go/pkg/mod/github.com/nacos-group/nacos-sdk-go/v2@v2.3.5/clients/naming_client/naming_client.go:125
github.com/zngue/zng_app/app/config/nacos.NewCenterOptions
	/Users/zngue/www/go/zng_go/zng_app/app/config/nacos/nacos.go:34
main.main
	/Users/zngue/www/go/zng_go/zng_app/cmd/user/main.go:10
runtime.main
	/opt/homebrew/Cellar/go/1.24.3/libexec/src/runtime/proc.go:283
runtime.goexit
	/opt/homebrew/Cellar/go/1.24.3/libexec/src/runtime/asm_arm64.s:1223
2026-01-23T15:38:19.998+0800	INFO	rpc/grpc_client.go:175	check tls config %!(EXTRA *constant.TLSConfig=&{false false false    })
2026-01-23T15:38:19.998+0800	INFO	rpc/grpc_client.go:180	try to get tls config from env
2026-01-23T15:38:19.998+0800	INFO	rpc/grpc_client.go:189	 tls config from env is not enable
2026-01-23T15:38:20.036+0800	WARN	rpc/rpc_client.go:458	2cf9afe1-b6cc-4834-9994-c87c2f1464cc fail to connect server, after trying 1 times, last try server is {serverIp:101.43.92.81 serverPort:10848 serverGrpcPort:11848}, error=server check request failed , err:rpc error: code = Unavailable desc = connection error: desc = "transport: Error while dialing: dial tcp 101.43.92.81:11848: connect: connection refused"
2026-01-23T15:38:20.061+0800	ERROR	rpc/rpc_client.go:630	Send request fail, request=InstanceRequest, body={"requestId":"","namespace":"develop","serviceName":"test_user","groupName":"test_user","module":"naming","type":"registerInstance","instance":{"instanceId":"","ip":"192.168.1.21","port":5826,"weight":1,"healthy":true,"enabled":true,"ephemeral":true,"clusterName":"test_user","serviceName":"","metadata":{},"instanceHeartBeatInterval":0,"ipDeleteTimeout":0,"instanceHeartBeatTimeOut":0}}, retryTimes=1, error=client not connected, current status:STARTING
github.com/nacos-group/nacos-sdk-go/v2/common/remote/rpc.(*RpcClient).Request
	/Users/zngue/go/pkg/mod/github.com/nacos-group/nacos-sdk-go/v2@v2.3.5/common/remote/rpc/rpc_client.go:592
github.com/nacos-group/nacos-sdk-go/v2/clients/naming_client/naming_grpc.(*NamingGrpcProxy).requestToServer
	/Users/zngue/go/pkg/mod/github.com/nacos-group/nacos-sdk-go/v2@v2.3.5/clients/naming_client/naming_grpc/naming_grpc_proxy.go:88
github.com/nacos-group/nacos-sdk-go/v2/clients/naming_client/naming_grpc.(*NamingGrpcProxy).RegisterInstance
	/Users/zngue/go/pkg/mod/github.com/nacos-group/nacos-sdk-go/v2@v2.3.5/clients/naming_client/naming_grpc/naming_grpc_proxy.go:99
github.com/nacos-group/nacos-sdk-go/v2/clients/naming_client.(*NamingProxyDelegate).RegisterInstance
	/Users/zngue/go/pkg/mod/github.com/nacos-group/nacos-sdk-go/v2@v2.3.5/clients/naming_client/naming_proxy_delegate.go:92
github.com/nacos-group/nacos-sdk-go/v2/clients/naming_client.(*NamingClient).RegisterInstance
	/Users/zngue/go/pkg/mod/github.com/nacos-group/nacos-sdk-go/v2@v2.3.5/clients/naming_client/naming_client.go:125
github.com/zngue/zng_app/app/config/nacos.NewCenterOptions
	/Users/zngue/www/go/zng_go/zng_app/app/config/nacos/nacos.go:34
main.main
	/Users/zngue/www/go/zng_go/zng_app/cmd/user/main.go:10
runtime.main
	/opt/homebrew/Cellar/go/1.24.3/libexec/src/runtime/proc.go:283
runtime.goexit
	/opt/homebrew/Cellar/go/1.24.3/libexec/src/runtime/asm_arm64.s:1223
2026-01-23T15:38:20.137+0800	INFO	rpc/grpc_client.go:175	check tls config %!(EXTRA *constant.TLSConfig=&{false false false    })
2026-01-23T15:38:20.137+0800	INFO	rpc/grpc_client.go:180	try to get tls config from env
2026-01-23T15:38:20.137+0800	INFO	rpc/grpc_client.go:189	 tls config from env is not enable
2026-01-23T15:38:20.162+0800	ERROR	rpc/rpc_client.go:630	Send request fail, request=InstanceRequest, body={"requestId":"","namespace":"develop","serviceName":"test_user","groupName":"test_user","module":"naming","type":"registerInstance","instance":{"instanceId":"","ip":"192.168.1.21","port":5826,"weight":1,"healthy":true,"enabled":true,"ephemeral":true,"clusterName":"test_user","serviceName":"","metadata":{},"instanceHeartBeatInterval":0,"ipDeleteTimeout":0,"instanceHeartBeatTimeOut":0}}, retryTimes=2, error=client not connected, current status:STARTING
github.com/nacos-group/nacos-sdk-go/v2/common/remote/rpc.(*RpcClient).Request
	/Users/zngue/go/pkg/mod/github.com/nacos-group/nacos-sdk-go/v2@v2.3.5/common/remote/rpc/rpc_client.go:592
github.com/nacos-group/nacos-sdk-go/v2/clients/naming_client/naming_grpc.(*NamingGrpcProxy).requestToServer
	/Users/zngue/go/pkg/mod/github.com/nacos-group/nacos-sdk-go/v2@v2.3.5/clients/naming_client/naming_grpc/naming_grpc_proxy.go:88
github.com/nacos-group/nacos-sdk-go/v2/clients/naming_client/naming_grpc.(*NamingGrpcProxy).RegisterInstance
	/Users/zngue/go/pkg/mod/github.com/nacos-group/nacos-sdk-go/v2@v2.3.5/clients/naming_client/naming_grpc/naming_grpc_proxy.go:99
github.com/nacos-group/nacos-sdk-go/v2/clients/naming_client.(*NamingProxyDelegate).RegisterInstance
	/Users/zngue/go/pkg/mod/github.com/nacos-group/nacos-sdk-go/v2@v2.3.5/clients/naming_client/naming_proxy_delegate.go:92
github.com/nacos-group/nacos-sdk-go/v2/clients/naming_client.(*NamingClient).RegisterInstance
	/Users/zngue/go/pkg/mod/github.com/nacos-group/nacos-sdk-go/v2@v2.3.5/clients/naming_client/naming_client.go:125
github.com/zngue/zng_app/app/config/nacos.NewCenterOptions
	/Users/zngue/www/go/zng_go/zng_app/app/config/nacos/nacos.go:34
main.main
	/Users/zngue/www/go/zng_go/zng_app/cmd/user/main.go:10
runtime.main
	/opt/homebrew/Cellar/go/1.24.3/libexec/src/runtime/proc.go:283
runtime.goexit
	/opt/homebrew/Cellar/go/1.24.3/libexec/src/runtime/asm_arm64.s:1223
2026-01-23T15:38:20.173+0800	WARN	rpc/rpc_client.go:458	2cf9afe1-b6cc-4834-9994-c87c2f1464cc fail to connect server, after trying 2 times, last try server is {serverIp:101.43.92.81 serverPort:10848 serverGrpcPort:11848}, error=server check request failed , err:rpc error: code = Unavailable desc = connection error: desc = "transport: Error while dialing: dial tcp 101.43.92.81:11848: connect: connection refused"
2026-01-23T15:38:34.421+0800	ERROR	cache/disk_cache.go:75	read cacheDir:/Users/zngue/www/go/zng_go/zng_app/cache/naming/develop failed!err:open /Users/zngue/www/go/zng_go/zng_app/cache/naming/develop: no such file or directory
2026-01-23T15:38:34.423+0800	INFO	naming_http/push_receiver.go:89	udp server start, port: 55253
2026-01-23T15:38:34.423+0800	INFO	rpc/rpc_client.go:157	init rpc client for name %!(EXTRA string=5439ee0a-4ba3-4637-9a2c-7896dafdf2b8)
2026-01-23T15:38:34.423+0800	INFO	rpc/rpc_client.go:166	get app conn labels from client config map[] 
2026-01-23T15:38:34.423+0800	INFO	rpc/rpc_client.go:168	get app conn labels from env map[] 
2026-01-23T15:38:34.423+0800	INFO	rpc/rpc_client.go:171	final app conn labels : map[] 
2026-01-23T15:38:34.423+0800	INFO	rpc/rpc_client.go:327	[RpcClient.Start] 5439ee0a-4ba3-4637-9a2c-7896dafdf2b8 try to connect to server on start up, server: {serverIp:101.43.92.81 serverPort:10848 serverGrpcPort:11848}
2026-01-23T15:38:34.423+0800	INFO	rpc/grpc_client.go:175	check tls config %!(EXTRA *constant.TLSConfig=&{false false false    })
2026-01-23T15:38:34.423+0800	INFO	rpc/grpc_client.go:180	try to get tls config from env
2026-01-23T15:38:34.423+0800	INFO	rpc/grpc_client.go:189	 tls config from env is not enable
2026-01-23T15:38:34.424+0800	INFO	util/common.go:96	Local IP:192.168.1.21
2026-01-23T15:38:34.465+0800	WARN	rpc/rpc_client.go:329	[RpcClient.Start] 5439ee0a-4ba3-4637-9a2c-7896dafdf2b8 fail to connect to server on start up, error message=server check request failed , err:rpc error: code = Unavailable desc = connection error: desc = "transport: Error while dialing: dial tcp 101.43.92.81:11848: connect: connection refused", start up retry times left=2
2026-01-23T15:38:34.465+0800	INFO	rpc/rpc_client.go:327	[RpcClient.Start] 5439ee0a-4ba3-4637-9a2c-7896dafdf2b8 try to connect to server on start up, server: {serverIp:101.43.92.81 serverPort:10848 serverGrpcPort:11848}
2026-01-23T15:38:34.465+0800	INFO	rpc/grpc_client.go:175	check tls config %!(EXTRA *constant.TLSConfig=&{false false false    })
2026-01-23T15:38:34.465+0800	INFO	rpc/grpc_client.go:180	try to get tls config from env
2026-01-23T15:38:34.465+0800	INFO	rpc/grpc_client.go:189	 tls config from env is not enable
2026-01-23T15:38:34.500+0800	WARN	rpc/rpc_client.go:329	[RpcClient.Start] 5439ee0a-4ba3-4637-9a2c-7896dafdf2b8 fail to connect to server on start up, error message=server check request failed , err:rpc error: code = Unavailable desc = connection error: desc = "transport: Error while dialing: dial tcp 101.43.92.81:11848: connect: connection refused", start up retry times left=1
2026-01-23T15:38:34.500+0800	INFO	rpc/rpc_client.go:327	[RpcClient.Start] 5439ee0a-4ba3-4637-9a2c-7896dafdf2b8 try to connect to server on start up, server: {serverIp:101.43.92.81 serverPort:10848 serverGrpcPort:11848}
2026-01-23T15:38:34.501+0800	INFO	rpc/grpc_client.go:175	check tls config %!(EXTRA *constant.TLSConfig=&{false false false    })
2026-01-23T15:38:34.501+0800	INFO	rpc/grpc_client.go:180	try to get tls config from env
2026-01-23T15:38:34.501+0800	INFO	rpc/grpc_client.go:189	 tls config from env is not enable
2026-01-23T15:38:34.536+0800	WARN	rpc/rpc_client.go:329	[RpcClient.Start] 5439ee0a-4ba3-4637-9a2c-7896dafdf2b8 fail to connect to server on start up, error message=server check request failed , err:rpc error: code = Unavailable desc = connection error: desc = "transport: Error while dialing: dial tcp 101.43.92.81:11848: connect: connection refused", start up retry times left=0
2026-01-23T15:38:34.536+0800	INFO	rpc/rpc_client.go:427	5439ee0a-4ba3-4637-9a2c-7896dafdf2b8 try to re connect to a new server, server is not appointed, will choose a random server.
2026-01-23T15:38:34.537+0800	INFO	rpc/grpc_client.go:175	check tls config %!(EXTRA *constant.TLSConfig=&{false false false    })
2026-01-27T16:00:37.642+0800	ERROR	cache/disk_cache.go:75	read cacheDir:/Users/zngue/www/go/zng_go/zng_app/cache/naming/develop failed!err:open /Users/zngue/www/go/zng_go/zng_app/cache/naming/develop: no such file or directory
2026-01-27T16:00:37.644+0800	INFO	naming_http/push_receiver.go:89	udp server start, port: 55267
2026-01-27T16:00:37.644+0800	INFO	rpc/rpc_client.go:157	init rpc client for name %!(EXTRA string=3577e42f-595d-43b3-a118-201a21c86433)
2026-01-27T16:00:37.644+0800	INFO	rpc/rpc_client.go:166	get app conn labels from client config map[] 
2026-01-27T16:00:37.644+0800	INFO	rpc/rpc_client.go:168	get app conn labels from env map[] 
2026-01-27T16:00:37.644+0800	INFO	rpc/rpc_client.go:171	final app conn labels : map[] 
2026-01-27T16:00:37.644+0800	INFO	rpc/rpc_client.go:327	[RpcClient.Start] 3577e42f-595d-43b3-a118-201a21c86433 try to connect to server on start up, server: {serverIp:42.193.55.92 serverPort:8848 serverGrpcPort:49848}
2026-01-27T16:00:37.644+0800	INFO	rpc/grpc_client.go:175	check tls config %!(EXTRA *constant.TLSConfig=&{false false false    })
2026-01-27T16:00:37.644+0800	INFO	rpc/grpc_client.go:180	try to get tls config from env
2026-01-27T16:00:37.644+0800	INFO	rpc/grpc_client.go:189	 tls config from env is not enable
2026-01-27T16:00:37.645+0800	INFO	util/common.go:96	Local IP:169.254.131.38
2026-01-27T16:00:37.673+0800	WARN	rpc/rpc_client.go:329	[RpcClient.Start] 3577e42f-595d-43b3-a118-201a21c86433 fail to connect to server on start up, error message=server check request failed , err:rpc error: code = Unavailable desc = connection error: desc = "error reading server preface: EOF", start up retry times left=2
2026-01-27T16:00:37.674+0800	INFO	rpc/rpc_client.go:327	[RpcClient.Start] 3577e42f-595d-43b3-a118-201a21c86433 try to connect to server on start up, server: {serverIp:42.193.55.92 serverPort:8848 serverGrpcPort:49848}
2026-01-27T16:00:37.674+0800	INFO	rpc/grpc_client.go:175	check tls config %!(EXTRA *constant.TLSConfig=&{false false false    })
2026-01-27T16:00:37.674+0800	INFO	rpc/grpc_client.go:180	try to get tls config from env
2026-01-27T16:00:37.674+0800	INFO	rpc/grpc_client.go:189	 tls config from env is not enable
2026-01-27T16:00:37.699+0800	WARN	rpc/rpc_client.go:329	[RpcClient.Start] 3577e42f-595d-43b3-a118-201a21c86433 fail to connect to server on start up, error message=server check request failed , err:rpc error: code = Unavailable desc = connection error: desc = "error reading server preface: EOF", start up retry times left=1
2026-01-27T16:00:37.699+0800	INFO	rpc/rpc_client.go:327	[RpcClient.Start] 3577e42f-595d-43b3-a118-201a21c86433 try to connect to server on start up, server: {serverIp:42.193.55.92 serverPort:8848 serverGrpcPort:49848}
2026-01-27T16:00:37.699+0800	INFO	rpc/grpc_client.go:175	check tls config %!(EXTRA *constant.TLSConfig=&{false false false    })
2026-01-27T16:00:37.699+0800	INFO	rpc/grpc_client.go:180	try to get tls config from env
2026-01-27T16:00:37.699+0800	INFO	rpc/grpc_client.go:189	 tls config from env is not enable
2026-01-27T16:00:37.723+0800	WARN	rpc/rpc_client.go:329	[RpcClient.Start] 3577e42f-595d-43b3-a118-201a21c86433 fail to connect to server on start up, error message=server check request failed , err:rpc error: code = Unavailable desc = connection error: desc = "error reading server preface: EOF", start up retry times left=0
2026-01-27T16:00:37.723+0800	INFO	rpc/rpc_client.go:427	3577e42f-595d-43b3-a118-201a21c86433 try to re connect to a new server, server is not appointed, will choose a random server.
2026-01-27T16:00:37.723+0800	INFO	rpc/grpc_client.go:175	check tls config %!(EXTRA *constant.TLSConfig=&{false false false    })
2026-01-27T16:00:37.723+0800	INFO	rpc/grpc_client.go:180	try to get tls config from env
2026-01-27T16:00:37.723+0800	INFO	rpc/grpc_client.go:189	 tls config from env is not enable
2026-01-27T16:00:37.723+0800	INFO	naming_grpc/naming_grpc_proxy.go:95	register instance namespaceId:<develop>,serviceName:<user-service> with instance:<{"instanceId":"","ip":"192.168.1.21","port":9001,"weight":0,"healthy":true,"enabled":true,"ephemeral":true,"clusterName":"","serviceName":"","metadata":{},"instanceHeartBeatInterval":0,"ipDeleteTimeout":0,"instanceHeartBeatTimeOut":0}>
2026-01-27T16:00:37.724+0800	ERROR	rpc/rpc_client.go:630	Send request fail, request=InstanceRequest, body={"requestId":"","namespace":"develop","serviceName":"user-service","groupName":"test_user","module":"naming","type":"registerInstance","instance":{"instanceId":"","ip":"192.168.1.21","port":9001,"weight":0,"healthy":true,"enabled":true,"ephemeral":true,"clusterName":"","serviceName":"","metadata":{},"instanceHeartBeatInterval":0,"ipDeleteTimeout":0,"instanceHeartBeatTimeOut":0}}, retryTimes=0, error=client not connected, current status:STARTING
github.com/nacos-group/nacos-sdk-go/v2/common/remote/rpc.(*RpcClient).Request
	/Users/zngue/go/pkg/mod/github.com/nacos-group/nacos-sdk-go/v2@v2.3.5/common/remote/rpc/rpc_client.go:592
github.com/nacos-group/nacos-sdk-go/v2/clients/naming_client/naming_grpc.(*NamingGrpcProxy).requestToServer
	/Users/zngue/go/pkg/mod/github.com/nacos-group/nacos-sdk-go/v2@v2.3.5/clients/naming_client/naming_grpc/naming_grpc_proxy.go:88
github.com/nacos-group/nacos-sdk-go/v2/clients/naming_client/naming_grpc.(*NamingGrpcProxy).RegisterInstance
	/Users/zngue/go/pkg/mod/github.com/nacos-group/nacos-sdk-go/v2@v2.3.5/clients/naming_client/naming_grpc/naming_grpc_proxy.go:99
github.com/nacos-group/nacos-sdk-go/v2/clients/naming_client.(*NamingProxyDelegate).RegisterInstance
	/Users/zngue/go/pkg/mod/github.com/nacos-group/nacos-sdk-go/v2@v2.3.5/clients/naming_client/naming_proxy_delegate.go:92
github.com/nacos-group/nacos-sdk-go/v2/clients/naming_client.(*NamingClient).RegisterInstance
	/Users/zngue/go/pkg/mod/github.com/nacos-group/nacos-sdk-go/v2@v2.3.5/clients/naming_client/naming_client.go:125
github.com/zngue/zng_app/app/config/nacos.NewCenterOptions
	/Users/zngue/www/go/zng_go/zng_app/app/config/nacos/nacos.go:35
main.main
	/Users/zngue/www/go/zng_go/zng_app/cmd/user/main.go:10
runtime.main
	/opt/homebrew/Cellar/go/1.24.3/libexec/src/runtime/proc.go:283
runtime.goexit
	/opt/homebrew/Cellar/go/1.24.3/libexec/src/runtime/asm_arm64.s:1223
2026-01-27T16:00:37.749+0800	INFO	rpc/grpc_client.go:175	check tls config %!(EXTRA *constant.TLSConfig=&{false false false    })
2026-01-27T16:00:37.749+0800	INFO	rpc/grpc_client.go:180	try to get tls config from env
2026-01-27T16:00:37.749+0800	INFO	rpc/grpc_client.go:189	 tls config from env is not enable
2026-01-27T16:00:37.774+0800	WARN	rpc/rpc_client.go:458	3577e42f-595d-43b3-a118-201a21c86433 fail to connect server, after trying 1 times, last try server is {serverIp:42.193.55.92 serverPort:8848 serverGrpcPort:49848}, error=server check request failed , err:rpc error: code = Unavailable desc = connection error: desc = "error reading server preface: EOF"
2026-01-27T16:00:37.825+0800	ERROR	rpc/rpc_client.go:630	Send request fail, request=InstanceRequest, body={"requestId":"","namespace":"develop","serviceName":"user-service","groupName":"test_user","module":"naming","type":"registerInstance","instance":{"instanceId":"","ip":"192.168.1.21","port":9001,"weight":0,"healthy":true,"enabled":true,"ephemeral":true,"clusterName":"","serviceName":"","metadata":{},"instanceHeartBeatInterval":0,"ipDeleteTimeout":0,"instanceHeartBeatTimeOut":0}}, retryTimes=1, error=client not connected, current status:STARTING
github.com/nacos-group/nacos-sdk-go/v2/common/remote/rpc.(*RpcClient).Request
	/Users/zngue/go/pkg/mod/github.com/nacos-group/nacos-sdk-go/v2@v2.3.5/common/remote/rpc/rpc_client.go:592
github.com/nacos-group/nacos-sdk-go/v2/clients/naming_client/naming_grpc.(*NamingGrpcProxy).requestToServer
	/Users/zngue/go/pkg/mod/github.com/nacos-group/nacos-sdk-go/v2@v2.3.5/clients/naming_client/naming_grpc/naming_grpc_proxy.go:88
github.com/nacos-group/nacos-sdk-go/v2/clients/naming_client/naming_grpc.(*NamingGrpcProxy).RegisterInstance
	/Users/zngue/go/pkg/mod/github.com/nacos-group/nacos-sdk-go/v2@v2.3.5/clients/naming_client/naming_grpc/naming_grpc_proxy.go:99
github.com/nacos-group/nacos-sdk-go/v2/clients/naming_client.(*NamingProxyDelegate).RegisterInstance
	/Users/zngue/go/pkg/mod/github.com/nacos-group/nacos-sdk-go/v2@v2.3.5/clients/naming_client/naming_proxy_delegate.go:92
github.com/nacos-group/nacos-sdk-go/v2/clients/naming_client.(*NamingClient).RegisterInstance
	/Users/zngue/go/pkg/mod/github.com/nacos-group/nacos-sdk-go/v2@v2.3.5/clients/naming_client/naming_client.go:125
github.com/zngue/zng_app/app/config/nacos.NewCenterOptions
	/Users/zngue/www/go/zng_go/zng_app/app/config/nacos/nacos.go:35
main.main
	/Users/zngue/www/go/zng_go/zng_app/cmd/user/main.go:10
runtime.main
	/opt/homebrew/Cellar/go/1.24.3/libexec/src/runtime/proc.go:283
runtime.goexit
	/opt/homebrew/Cellar/go/1.24.3/libexec/src/runtime/asm_arm64.s:1223
2026-01-27T16:00:37.875+0800	INFO	rpc/grpc_client.go:175	check tls config %!(EXTRA *constant.TLSConfig=&{false false false    })
2026-01-27T16:00:37.875+0800	INFO	rpc/grpc_client.go:180	try to get tls config from env
2026-01-27T16:00:37.875+0800	INFO	rpc/grpc_client.go:189	 tls config from env is not enable
2026-01-27T16:00:37.906+0800	WARN	rpc/rpc_client.go:458	3577e42f-595d-43b3-a118-201a21c86433 fail to connect server, after trying 2 times, last try server is {serverIp:42.193.55.92 serverPort:8848 serverGrpcPort:49848}, error=server check request failed , err:rpc error: code = Unavailable desc = connection error: desc = "error reading server preface: EOF"
2026-01-27T16:00:37.926+0800	ERROR	rpc/rpc_client.go:630	Send request fail, request=InstanceRequest, body={"requestId":"","namespace":"develop","serviceName":"user-service","groupName":"test_user","module":"naming","type":"registerInstance","instance":{"instanceId":"","ip":"192.168.1.21","port":9001,"weight":0,"healthy":true,"enabled":true,"ephemeral":true,"clusterName":"","serviceName":"","metadata":{},"instanceHeartBeatInterval":0,"ipDeleteTimeout":0,"instanceHeartBeatTimeOut":0}}, retryTimes=2, error=client not connected, current status:STARTING
github.com/nacos-group/nacos-sdk-go/v2/common/remote/rpc.(*RpcClient).Request
	/Users/zngue/go/pkg/mod/github.com/nacos-group/nacos-sdk-go/v2@v2.3.5/common/remote/rpc/rpc_client.go:592
github.com/nacos-group/nacos-sdk-go/v2/clients/naming_client/naming_grpc.(*NamingGrpcProxy).requestToServer
	/Users/zngue/go/pkg/mod/github.com/nacos-group/nacos-sdk-go/v2@v2.3.5/clients/naming_client/naming_grpc/naming_grpc_proxy.go:88
github.com/nacos-group/nacos-sdk-go/v2/clients/naming_client/naming_grpc.(*NamingGrpcProxy).RegisterInstance
	/Users/zngue/go/pkg/mod/github.com/nacos-group/nacos-sdk-go/v2@v2.3.5/clients/naming_client/naming_grpc/naming_grpc_proxy.go:99
github.com/nacos-group/nacos-sdk-go/v2/clients/naming_client.(*NamingProxyDelegate).RegisterInstance
	/Users/zngue/go/pkg/mod/github.com/nacos-group/nacos-sdk-go/v2@v2.3.5/clients/naming_client/naming_proxy_delegate.go:92
github.com/nacos-group/nacos-sdk-go/v2/clients/naming_client.(*NamingClient).RegisterInstance
	/Users/zngue/go/pkg/mod/github.com/nacos-group/nacos-sdk-go/v2@v2.3.5/clients/naming_client/naming_client.go:125
github.com/zngue/zng_app/app/config/nacos.NewCenterOptions
	/Users/zngue/www/go/zng_go/zng_app/app/config/nacos/nacos.go:35
main.main
	/Users/zngue/www/go/zng_go/zng_app/cmd/user/main.go:10
runtime.main
	/opt/homebrew/Cellar/go/1.24.3/libexec/src/runtime/proc.go:283
runtime.goexit
	/opt/homebrew/Cellar/go/1.24.3/libexec/src/runtime/asm_arm64.s:1223
2026-01-27T16:03:55.324+0800	ERROR	cache/disk_cache.go:75	read cacheDir:/Users/zngue/www/go/zng_go/zng_app/cache/naming/develop failed!err:open /Users/zngue/www/go/zng_go/zng_app/cache/naming/develop: no such file or directory
2026-01-27T16:03:55.325+0800	INFO	naming_http/push_receiver.go:89	udp server start, port: 55468
2026-01-27T16:03:55.325+0800	INFO	rpc/rpc_client.go:157	init rpc client for name %!(EXTRA string=0d943142-2e34-4000-a128-29ff38398718)
2026-01-27T16:03:55.325+0800	INFO	rpc/rpc_client.go:166	get app conn labels from client config map[] 
2026-01-27T16:03:55.326+0800	INFO	rpc/rpc_client.go:168	get app conn labels from env map[] 
2026-01-27T16:03:55.326+0800	INFO	rpc/rpc_client.go:171	final app conn labels : map[] 
2026-01-27T16:03:55.326+0800	INFO	rpc/rpc_client.go:327	[RpcClient.Start] 0d943142-2e34-4000-a128-29ff38398718 try to connect to server on start up, server: {serverIp:101.43.92.81 serverPort:8848 serverGrpcPort:9848}
2026-01-27T16:03:55.326+0800	INFO	rpc/grpc_client.go:175	check tls config %!(EXTRA *constant.TLSConfig=&{false false false    })
2026-01-27T16:03:55.326+0800	INFO	rpc/grpc_client.go:180	try to get tls config from env
2026-01-27T16:03:55.326+0800	INFO	rpc/grpc_client.go:189	 tls config from env is not enable
2026-01-27T16:03:55.327+0800	INFO	util/common.go:96	Local IP:169.254.131.38
2026-01-27T16:03:55.364+0800	WARN	rpc/rpc_client.go:329	[RpcClient.Start] 0d943142-2e34-4000-a128-29ff38398718 fail to connect to server on start up, error message=server check request failed , err:rpc error: code = Unavailable desc = connection error: desc = "transport: Error while dialing: dial tcp 101.43.92.81:9848: connect: connection refused", start up retry times left=2
2026-01-27T16:03:55.364+0800	INFO	rpc/rpc_client.go:327	[RpcClient.Start] 0d943142-2e34-4000-a128-29ff38398718 try to connect to server on start up, server: {serverIp:101.43.92.81 serverPort:8848 serverGrpcPort:9848}
2026-01-27T16:03:55.364+0800	INFO	rpc/grpc_client.go:175	check tls config %!(EXTRA *constant.TLSConfig=&{false false false    })
2026-01-27T16:03:55.364+0800	INFO	rpc/grpc_client.go:180	try to get tls config from env
2026-01-27T16:03:55.364+0800	INFO	rpc/grpc_client.go:189	 tls config from env is not enable
2026-01-27T16:03:55.400+0800	WARN	rpc/rpc_client.go:329	[RpcClient.Start] 0d943142-2e34-4000-a128-29ff38398718 fail to connect to server on start up, error message=server check request failed , err:rpc error: code = Unavailable desc = connection error: desc = "transport: Error while dialing: dial tcp 101.43.92.81:9848: connect: connection refused", start up retry times left=1
2026-01-27T16:03:55.400+0800	INFO	rpc/rpc_client.go:327	[RpcClient.Start] 0d943142-2e34-4000-a128-29ff38398718 try to connect to server on start up, server: {serverIp:101.43.92.81 serverPort:8848 serverGrpcPort:9848}
2026-01-27T16:03:55.400+0800	INFO	rpc/grpc_client.go:175	check tls config %!(EXTRA *constant.TLSConfig=&{false false false    })
2026-01-27T16:03:55.400+0800	INFO	rpc/grpc_client.go:180	try to get tls config from env
2026-01-27T16:03:55.400+0800	INFO	rpc/grpc_client.go:189	 tls config from env is not enable
2026-01-27T16:03:55.441+0800	WARN	rpc/rpc_client.go:329	[RpcClient.Start] 0d943142-2e34-4000-a128-29ff38398718 fail to connect to server on start up, error message=server check request failed , err:rpc error: code = Unavailable desc = connection error: desc = "transport: Error while dialing: dial tcp 101.43.92.81:9848: connect: connection refused", start up retry times left=0
2026-01-27T16:03:55.441+0800	INFO	rpc/rpc_client.go:427	0d943142-2e34-4000-a128-29ff38398718 try to re connect to a new server, server is not appointed, will choose a random server.
2026-01-27T16:03:55.441+0800	INFO	rpc/grpc_client.go:175	check tls config %!(EXTRA *constant.TLSConfig=&{false false false    })
2026-01-27T16:03:55.441+0800	INFO	rpc/grpc_client.go:180	try to get tls config from env
2026-01-27T16:03:55.441+0800	INFO	rpc/grpc_client.go:189	 tls config from env is not enable
2026-01-27T16:03:55.479+0800	INFO	rpc/grpc_client.go:175	check tls config %!(EXTRA *constant.TLSConfig=&{false false false    })
2026-01-27T16:03:55.479+0800	INFO	rpc/grpc_client.go:180	try to get tls config from env
2026-01-27T16:03:55.479+0800	INFO	rpc/grpc_client.go:189	 tls config from env is not enable
2026-01-27T16:03:55.514+0800	WARN	rpc/rpc_client.go:458	0d943142-2e34-4000-a128-29ff38398718 fail to connect server, after trying 1 times, last try server is {serverIp:101.43.92.81 serverPort:8848 serverGrpcPort:9848}, error=server check request failed , err:rpc error: code = Unavailable desc = connection error: desc = "transport: Error while dialing: dial tcp 101.43.92.81:9848: connect: connection refused"
2026-01-27T16:03:55.616+0800	INFO	rpc/grpc_client.go:175	check tls config %!(EXTRA *constant.TLSConfig=&{false false false    })
2026-01-27T16:03:55.616+0800	INFO	rpc/grpc_client.go:180	try to get tls config from env
2026-01-27T16:03:55.616+0800	INFO	rpc/grpc_client.go:189	 tls config from env is not enable
2026-01-27T16:03:55.653+0800	WARN	rpc/rpc_client.go:458	0d943142-2e34-4000-a128-29ff38398718 fail to connect server, after trying 2 times, last try server is {serverIp:101.43.92.81 serverPort:8848 serverGrpcPort:9848}, error=server check request failed , err:rpc error: code = Unavailable desc = connection error: desc = "transport: Error while dialing: dial tcp 101.43.92.81:9848: connect: connection refused"
2026-01-27T16:03:55.855+0800	INFO	rpc/grpc_client.go:175	check tls config %!(EXTRA *constant.TLSConfig=&{false false false    })
2026-01-27T16:03:55.855+0800	INFO	rpc/grpc_client.go:180	try to get tls config from env
2026-01-27T16:03:55.855+0800	INFO	rpc/grpc_client.go:189	 tls config from env is not enable
2026-01-27T16:03:55.891+0800	WARN	rpc/rpc_client.go:458	0d943142-2e34-4000-a128-29ff38398718 fail to connect server, after trying 3 times, last try server is {serverIp:101.43.92.81 serverPort:8848 serverGrpcPort:9848}, error=server check request failed , err:rpc error: code = Unavailable desc = connection error: desc = "transport: Error while dialing: dial tcp 101.43.92.81:9848: connect: connection refused"
2026-01-27T16:03:56.192+0800	INFO	rpc/grpc_client.go:175	check tls config %!(EXTRA *constant.TLSConfig=&{false false false    })
2026-01-27T16:03:56.192+0800	INFO	rpc/grpc_client.go:180	try to get tls config from env
2026-01-27T16:03:56.192+0800	INFO	rpc/grpc_client.go:189	 tls config from env is not enable
2026-01-27T16:03:56.227+0800	WARN	rpc/rpc_client.go:458	0d943142-2e34-4000-a128-29ff38398718 fail to connect server, after trying 4 times, last try server is {serverIp:101.43.92.81 serverPort:8848 serverGrpcPort:9848}, error=server check request failed , err:rpc error: code = Unavailable desc = connection error: desc = "transport: Error while dialing: dial tcp 101.43.92.81:9848: connect: connection refused"
2026-01-27T16:03:56.628+0800	INFO	rpc/grpc_client.go:175	check tls config %!(EXTRA *constant.TLSConfig=&{false false false    })
2026-01-27T16:03:56.629+0800	INFO	rpc/grpc_client.go:180	try to get tls config from env
2026-01-27T16:03:56.629+0800	INFO	rpc/grpc_client.go:189	 tls config from env is not enable
2026-01-27T16:03:56.672+0800	WARN	rpc/rpc_client.go:458	0d943142-2e34-4000-a128-29ff38398718 fail to connect server, after trying 5 times, last try server is {serverIp:101.43.92.81 serverPort:8848 serverGrpcPort:9848}, error=server check request failed , err:rpc error: code = Unavailable desc = connection error: desc = "transport: Error while dialing: dial tcp 101.43.92.81:9848: connect: connection refused"
2026-01-27T16:03:57.174+0800	INFO	rpc/grpc_client.go:175	check tls config %!(EXTRA *constant.TLSConfig=&{false false false    })
2026-01-27T16:03:57.174+0800	INFO	rpc/grpc_client.go:180	try to get tls config from env
2026-01-27T16:03:57.175+0800	INFO	rpc/grpc_client.go:189	 tls config from env is not enable
2026-01-27T16:03:57.217+0800	WARN	rpc/rpc_client.go:458	0d943142-2e34-4000-a128-29ff38398718 fail to connect server, after trying 6 times, last try server is {serverIp:101.43.92.81 serverPort:8848 serverGrpcPort:9848}, error=server check request failed , err:rpc error: code = Unavailable desc = connection error: desc = "transport: Error while dialing: dial tcp 101.43.92.81:9848: connect: connection refused"
2026-01-27T16:03:57.819+0800	INFO	rpc/grpc_client.go:175	check tls config %!(EXTRA *constant.TLSConfig=&{false false false    })
2026-01-27T16:03:57.820+0800	INFO	rpc/grpc_client.go:180	try to get tls config from env
2026-01-27T16:03:57.821+0800	INFO	rpc/grpc_client.go:189	 tls config from env is not enable
2026-01-27T16:03:57.862+0800	WARN	rpc/rpc_client.go:458	0d943142-2e34-4000-a128-29ff38398718 fail to connect server, after trying 7 times, last try server is {serverIp:101.43.92.81 serverPort:8848 serverGrpcPort:9848}, error=server check request failed , err:rpc error: code = Unavailable desc = connection error: desc = "transport: Error while dialing: dial tcp 101.43.92.81:9848: connect: connection refused"
2026-01-27T16:03:58.567+0800	INFO	rpc/grpc_client.go:175	check tls config %!(EXTRA *constant.TLSConfig=&{false false false    })
2026-01-27T16:03:58.567+0800	INFO	rpc/grpc_client.go:180	try to get tls config from env
2026-01-27T16:03:58.567+0800	INFO	rpc/grpc_client.go:189	 tls config from env is not enable
2026-01-27T16:03:58.609+0800	WARN	rpc/rpc_client.go:458	0d943142-2e34-4000-a128-29ff38398718 fail to connect server, after trying 8 times, last try server is {serverIp:101.43.92.81 serverPort:8848 serverGrpcPort:9848}, error=server check request failed , err:rpc error: code = Unavailable desc = connection error: desc = "transport: Error while dialing: dial tcp 101.43.92.81:9848: connect: connection refused"
2026-01-27T16:03:59.409+0800	INFO	rpc/grpc_client.go:175	check tls config %!(EXTRA *constant.TLSConfig=&{false false false    })
2026-01-27T16:03:59.410+0800	INFO	rpc/grpc_client.go:180	try to get tls config from env
2026-01-27T16:03:59.410+0800	INFO	rpc/grpc_client.go:189	 tls config from env is not enable
2026-01-27T16:03:59.447+0800	WARN	rpc/rpc_client.go:458	0d943142-2e34-4000-a128-29ff38398718 fail to connect server, after trying 9 times, last try server is {serverIp:101.43.92.81 serverPort:8848 serverGrpcPort:9848}, error=server check request failed , err:rpc error: code = Unavailable desc = connection error: desc = "transport: Error while dialing: dial tcp 101.43.92.81:9848: connect: connection refused"
2026-01-27T16:04:00.348+0800	INFO	rpc/grpc_client.go:175	check tls config %!(EXTRA *constant.TLSConfig=&{false false false    })
2026-01-27T16:04:00.348+0800	INFO	rpc/grpc_client.go:180	try to get tls config from env
2026-01-27T16:04:00.348+0800	INFO	rpc/grpc_client.go:189	 tls config from env is not enable
2026-01-27T16:04:00.388+0800	WARN	rpc/rpc_client.go:458	0d943142-2e34-4000-a128-29ff38398718 fail to connect server, after trying 10 times, last try server is {serverIp:101.43.92.81 serverPort:8848 serverGrpcPort:9848}, error=server check request failed , err:rpc error: code = Unavailable desc = connection error: desc = "transport: Error while dialing: dial tcp 101.43.92.81:9848: connect: connection refused"
2026-01-27T16:04:32.774+0800	ERROR	cache/disk_cache.go:75	read cacheDir:/Users/zngue/www/go/zng_go/zng_app/cache/naming/develop failed!err:open /Users/zngue/www/go/zng_go/zng_app/cache/naming/develop: no such file or directory
2026-01-27T16:04:32.778+0800	INFO	naming_http/push_receiver.go:89	udp server start, port: 55324
2026-01-27T16:04:32.782+0800	INFO	rpc/rpc_client.go:157	init rpc client for name %!(EXTRA string=a856e510-32e1-4f05-9e7e-beff0ccbb574)
2026-01-27T16:04:32.783+0800	INFO	rpc/rpc_client.go:166	get app conn labels from client config map[] 
2026-01-27T16:04:32.783+0800	INFO	rpc/rpc_client.go:168	get app conn labels from env map[] 
2026-01-27T16:04:32.783+0800	INFO	rpc/rpc_client.go:171	final app conn labels : map[] 
2026-01-27T16:04:32.783+0800	INFO	rpc/rpc_client.go:327	[RpcClient.Start] a856e510-32e1-4f05-9e7e-beff0ccbb574 try to connect to server on start up, server: {serverIp:zf.zngue.com serverPort:49848 serverGrpcPort:50848}
2026-01-27T16:04:32.783+0800	INFO	rpc/grpc_client.go:175	check tls config %!(EXTRA *constant.TLSConfig=&{false false false    })
2026-01-27T16:04:32.783+0800	INFO	rpc/grpc_client.go:180	try to get tls config from env
2026-01-27T16:04:32.783+0800	INFO	rpc/grpc_client.go:189	 tls config from env is not enable
2026-01-27T16:04:32.784+0800	INFO	util/common.go:96	Local IP:169.254.131.38
2026-01-27T16:04:35.785+0800	WARN	rpc/rpc_client.go:329	[RpcClient.Start] a856e510-32e1-4f05-9e7e-beff0ccbb574 fail to connect to server on start up, error message=server check request failed , err:rpc error: code = DeadlineExceeded desc = context deadline exceeded while waiting for connections to become ready, start up retry times left=2
2026-01-27T16:04:35.785+0800	INFO	rpc/rpc_client.go:327	[RpcClient.Start] a856e510-32e1-4f05-9e7e-beff0ccbb574 try to connect to server on start up, server: {serverIp:zf.zngue.com serverPort:49848 serverGrpcPort:50848}
2026-01-27T16:04:35.785+0800	INFO	rpc/grpc_client.go:175	check tls config %!(EXTRA *constant.TLSConfig=&{false false false    })
2026-01-27T16:04:35.786+0800	INFO	rpc/grpc_client.go:180	try to get tls config from env
2026-01-27T16:04:35.786+0800	INFO	rpc/grpc_client.go:189	 tls config from env is not enable
2026-01-27T16:04:38.788+0800	WARN	rpc/rpc_client.go:329	[RpcClient.Start] a856e510-32e1-4f05-9e7e-beff0ccbb574 fail to connect to server on start up, error message=server check request failed , err:rpc error: code = DeadlineExceeded desc = context deadline exceeded while waiting for connections to become ready, start up retry times left=1
2026-01-27T16:04:38.788+0800	INFO	rpc/rpc_client.go:327	[RpcClient.Start] a856e510-32e1-4f05-9e7e-beff0ccbb574 try to connect to server on start up, server: {serverIp:zf.zngue.com serverPort:49848 serverGrpcPort:50848}
2026-01-27T16:04:38.788+0800	INFO	rpc/grpc_client.go:175	check tls config %!(EXTRA *constant.TLSConfig=&{false false false    })
2026-01-27T16:04:38.788+0800	INFO	rpc/grpc_client.go:180	try to get tls config from env
2026-01-27T16:04:38.788+0800	INFO	rpc/grpc_client.go:189	 tls config from env is not enable
2026-01-27T16:04:41.791+0800	WARN	rpc/rpc_client.go:329	[RpcClient.Start] a856e510-32e1-4f05-9e7e-beff0ccbb574 fail to connect to server on start up, error message=server check request failed , err:rpc error: code = DeadlineExceeded desc = context deadline exceeded while waiting for connections to become ready, start up retry times left=0
2026-01-27T16:04:41.791+0800	INFO	rpc/rpc_client.go:427	a856e510-32e1-4f05-9e7e-beff0ccbb574 try to re connect to a new server, server is not appointed, will choose a random server.
2026-01-27T16:04:41.791+0800	INFO	rpc/grpc_client.go:175	check tls config %!(EXTRA *constant.TLSConfig=&{false false false    })
2026-01-27T16:04:41.791+0800	INFO	rpc/grpc_client.go:180	try to get tls config from env
2026-01-27T16:04:41.791+0800	INFO	rpc/grpc_client.go:189	 tls config from env is not enable
2026-01-27T16:04:44.793+0800	INFO	rpc/grpc_client.go:175	check tls config %!(EXTRA *constant.TLSConfig=&{false false false    })
2026-01-27T16:04:44.793+0800	INFO	rpc/grpc_client.go:180	try to get tls config from env
2026-01-27T16:04:44.793+0800	INFO	rpc/grpc_client.go:189	 tls config from env is not enable
2026-01-27T16:08:19.361+0800	ERROR	cache/disk_cache.go:75	read cacheDir:/Users/zngue/www/go/zng_go/zng_app/cache/naming/develop failed!err:open /Users/zngue/www/go/zng_go/zng_app/cache/naming/develop: no such file or directory
2026-01-27T16:08:19.362+0800	INFO	naming_http/push_receiver.go:89	udp server start, port: 55665
2026-01-27T16:08:19.362+0800	INFO	rpc/rpc_client.go:157	init rpc client for name %!(EXTRA string=71fce303-18a7-49e1-83ce-43911cd7fe9b)
2026-01-27T16:08:19.362+0800	INFO	rpc/rpc_client.go:166	get app conn labels from client config map[] 
2026-01-27T16:08:19.362+0800	INFO	rpc/rpc_client.go:168	get app conn labels from env map[] 
2026-01-27T16:08:19.362+0800	INFO	rpc/rpc_client.go:171	final app conn labels : map[] 
2026-01-27T16:08:19.362+0800	INFO	rpc/rpc_client.go:327	[RpcClient.Start] 71fce303-18a7-49e1-83ce-43911cd7fe9b try to connect to server on start up, server: {serverIp:zf.zngue.com serverPort:8848 serverGrpcPort:49848}
2026-01-27T16:08:19.362+0800	INFO	rpc/grpc_client.go:175	check tls config %!(EXTRA *constant.TLSConfig=&{false false false    })
2026-01-27T16:08:19.362+0800	INFO	rpc/grpc_client.go:180	try to get tls config from env
2026-01-27T16:08:19.362+0800	INFO	rpc/grpc_client.go:189	 tls config from env is not enable
2026-01-27T16:08:19.363+0800	INFO	util/common.go:96	Local IP:169.254.131.38
2026-01-27T16:08:20.484+0800	WARN	rpc/rpc_client.go:329	[RpcClient.Start] 71fce303-18a7-49e1-83ce-43911cd7fe9b fail to connect to server on start up, error message=server check request failed , err:rpc error: code = Unavailable desc = connection error: desc = "error reading server preface: EOF", start up retry times left=2
2026-01-27T16:08:20.485+0800	INFO	rpc/rpc_client.go:327	[RpcClient.Start] 71fce303-18a7-49e1-83ce-43911cd7fe9b try to connect to server on start up, server: {serverIp:zf.zngue.com serverPort:8848 serverGrpcPort:49848}
2026-01-27T16:08:20.485+0800	INFO	rpc/grpc_client.go:175	check tls config %!(EXTRA *constant.TLSConfig=&{false false false    })
2026-01-27T16:08:20.485+0800	INFO	rpc/grpc_client.go:180	try to get tls config from env
2026-01-27T16:08:20.485+0800	INFO	rpc/grpc_client.go:189	 tls config from env is not enable
2026-01-27T16:08:20.509+0800	WARN	rpc/rpc_client.go:329	[RpcClient.Start] 71fce303-18a7-49e1-83ce-43911cd7fe9b fail to connect to server on start up, error message=server check request failed , err:rpc error: code = Unavailable desc = connection error: desc = "error reading server preface: EOF", start up retry times left=1
2026-01-27T16:08:20.509+0800	INFO	rpc/rpc_client.go:327	[RpcClient.Start] 71fce303-18a7-49e1-83ce-43911cd7fe9b try to connect to server on start up, server: {serverIp:zf.zngue.com serverPort:8848 serverGrpcPort:49848}
2026-01-27T16:08:20.509+0800	INFO	rpc/grpc_client.go:175	check tls config %!(EXTRA *constant.TLSConfig=&{false false false    })
2026-01-27T16:08:20.509+0800	INFO	rpc/grpc_client.go:180	try to get tls config from env
2026-01-27T16:08:20.509+0800	INFO	rpc/grpc_client.go:189	 tls config from env is not enable
2026-01-27T16:08:20.534+0800	WARN	rpc/rpc_client.go:329	[RpcClient.Start] 71fce303-18a7-49e1-83ce-43911cd7fe9b fail to connect to server on start up, error message=server check request failed , err:rpc error: code = Unavailable desc = connection error: desc = "error reading server preface: read tcp 192.168.1.21:61586->42.193.55.92:49848: read: connection reset by peer", start up retry times left=0
2026-01-27T16:08:20.535+0800	INFO	rpc/rpc_client.go:427	71fce303-18a7-49e1-83ce-43911cd7fe9b try to re connect to a new server, server is not appointed, will choose a random server.
2026-01-27T16:08:20.535+0800	INFO	rpc/grpc_client.go:175	check tls config %!(EXTRA *constant.TLSConfig=&{false false false    })
2026-01-27T16:08:20.535+0800	INFO	rpc/grpc_client.go:180	try to get tls config from env
2026-01-27T16:08:20.535+0800	INFO	rpc/grpc_client.go:189	 tls config from env is not enable
2026-01-27T16:08:20.564+0800	INFO	rpc/grpc_client.go:175	check tls config %!(EXTRA *constant.TLSConfig=&{false false false    })
2026-01-27T16:08:20.564+0800	INFO	rpc/grpc_client.go:180	try to get tls config from env
2026-01-27T16:08:20.564+0800	INFO	rpc/grpc_client.go:189	 tls config from env is not enable
2026-01-27T16:08:20.591+0800	WARN	rpc/rpc_client.go:458	71fce303-18a7-49e1-83ce-43911cd7fe9b fail to connect server, after trying 1 times, last try server is {serverIp:zf.zngue.com serverPort:8848 serverGrpcPort:49848}, error=server check request failed , err:rpc error: code = Unavailable desc = connection error: desc = "error reading server preface: EOF"
2026-01-27T16:08:20.692+0800	INFO	rpc/grpc_client.go:175	check tls config %!(EXTRA *constant.TLSConfig=&{false false false    })
2026-01-27T16:08:20.692+0800	INFO	rpc/grpc_client.go:180	try to get tls config from env
2026-01-27T16:08:20.692+0800	INFO	rpc/grpc_client.go:189	 tls config from env is not enable
2026-01-27T16:08:20.720+0800	WARN	rpc/rpc_client.go:458	71fce303-18a7-49e1-83ce-43911cd7fe9b fail to connect server, after trying 2 times, last try server is {serverIp:zf.zngue.com serverPort:8848 serverGrpcPort:49848}, error=server check request failed , err:rpc error: code = Unavailable desc = connection error: desc = "error reading server preface: EOF"
2026-01-27T16:08:20.921+0800	INFO	rpc/grpc_client.go:175	check tls config %!(EXTRA *constant.TLSConfig=&{false false false    })
2026-01-27T16:08:20.922+0800	INFO	rpc/grpc_client.go:180	try to get tls config from env
2026-01-27T16:08:20.923+0800	INFO	rpc/grpc_client.go:189	 tls config from env is not enable
2026-01-27T16:08:20.951+0800	WARN	rpc/rpc_client.go:458	71fce303-18a7-49e1-83ce-43911cd7fe9b fail to connect server, after trying 3 times, last try server is {serverIp:zf.zngue.com serverPort:8848 serverGrpcPort:49848}, error=server check request failed , err:rpc error: code = Unavailable desc = connection error: desc = "error reading server preface: EOF"
2026-01-27T16:08:21.252+0800	INFO	rpc/grpc_client.go:175	check tls config %!(EXTRA *constant.TLSConfig=&{false false false    })
2026-01-27T16:08:21.253+0800	INFO	rpc/grpc_client.go:180	try to get tls config from env
2026-01-27T16:08:21.253+0800	INFO	rpc/grpc_client.go:189	 tls config from env is not enable
2026-01-27T16:08:21.284+0800	WARN	rpc/rpc_client.go:458	71fce303-18a7-49e1-83ce-43911cd7fe9b fail to connect server, after trying 4 times, last try server is {serverIp:zf.zngue.com serverPort:8848 serverGrpcPort:49848}, error=server check request failed , err:rpc error: code = Unavailable desc = connection error: desc = "error reading server preface: EOF"
2026-01-27T16:08:21.687+0800	INFO	rpc/grpc_client.go:175	check tls config %!(EXTRA *constant.TLSConfig=&{false false false    })
2026-01-27T16:08:21.687+0800	INFO	rpc/grpc_client.go:180	try to get tls config from env
2026-01-27T16:08:21.687+0800	INFO	rpc/grpc_client.go:189	 tls config from env is not enable
2026-01-27T16:08:21.716+0800	WARN	rpc/rpc_client.go:458	71fce303-18a7-49e1-83ce-43911cd7fe9b fail to connect server, after trying 5 times, last try server is {serverIp:zf.zngue.com serverPort:8848 serverGrpcPort:49848}, error=server check request failed , err:rpc error: code = Unavailable desc = connection error: desc = "error reading server preface: EOF"
2026-01-27T16:08:22.217+0800	INFO	rpc/grpc_client.go:175	check tls config %!(EXTRA *constant.TLSConfig=&{false false false    })
2026-01-27T16:08:22.217+0800	INFO	rpc/grpc_client.go:180	try to get tls config from env
2026-01-27T16:08:22.217+0800	INFO	rpc/grpc_client.go:189	 tls config from env is not enable
2026-01-27T16:08:22.249+0800	WARN	rpc/rpc_client.go:458	71fce303-18a7-49e1-83ce-43911cd7fe9b fail to connect server, after trying 6 times, last try server is {serverIp:zf.zngue.com serverPort:8848 serverGrpcPort:49848}, error=server check request failed , err:rpc error: code = Unavailable desc = connection error: desc = "error reading server preface: EOF"
2026-01-27T16:08:22.851+0800	INFO	rpc/grpc_client.go:175	check tls config %!(EXTRA *constant.TLSConfig=&{false false false    })
2026-01-27T16:08:22.851+0800	INFO	rpc/grpc_client.go:180	try to get tls config from env
2026-01-27T16:08:22.851+0800	INFO	rpc/grpc_client.go:189	 tls config from env is not enable
2026-01-27T16:08:22.884+0800	WARN	rpc/rpc_client.go:458	71fce303-18a7-49e1-83ce-43911cd7fe9b fail to connect server, after trying 7 times, last try server is {serverIp:zf.zngue.com serverPort:8848 serverGrpcPort:49848}, error=server check request failed , err:rpc error: code = Unavailable desc = connection error: desc = "error reading server preface: EOF"
2026-01-27T16:08:23.586+0800	INFO	rpc/grpc_client.go:175	check tls config %!(EXTRA *constant.TLSConfig=&{false false false    })
2026-01-27T16:08:23.586+0800	INFO	rpc/grpc_client.go:180	try to get tls config from env
2026-01-27T16:08:23.586+0800	INFO	rpc/grpc_client.go:189	 tls config from env is not enable
2026-01-27T16:08:23.636+0800	WARN	rpc/rpc_client.go:458	71fce303-18a7-49e1-83ce-43911cd7fe9b fail to connect server, after trying 8 times, last try server is {serverIp:zf.zngue.com serverPort:8848 serverGrpcPort:49848}, error=server check request failed , err:rpc error: code = Unavailable desc = connection error: desc = "error reading server preface: EOF"
2026-01-27T16:08:24.440+0800	INFO	rpc/grpc_client.go:175	check tls config %!(EXTRA *constant.TLSConfig=&{false false false    })
2026-01-27T16:08:24.440+0800	INFO	rpc/grpc_client.go:180	try to get tls config from env
2026-01-27T16:08:24.440+0800	INFO	rpc/grpc_client.go:189	 tls config from env is not enable
2026-01-27T16:08:24.482+0800	WARN	rpc/rpc_client.go:458	71fce303-18a7-49e1-83ce-43911cd7fe9b fail to connect server, after trying 9 times, last try server is {serverIp:zf.zngue.com serverPort:8848 serverGrpcPort:49848}, error=server check request failed , err:rpc error: code = Unavailable desc = connection error: desc = "error reading server preface: EOF"
2026-01-27T16:08:25.384+0800	INFO	rpc/grpc_client.go:175	check tls config %!(EXTRA *constant.TLSConfig=&{false false false    })
2026-01-27T16:08:25.384+0800	INFO	rpc/grpc_client.go:180	try to get tls config from env
2026-01-27T16:08:25.384+0800	INFO	rpc/grpc_client.go:189	 tls config from env is not enable
2026-01-27T16:08:25.419+0800	WARN	rpc/rpc_client.go:458	71fce303-18a7-49e1-83ce-43911cd7fe9b fail to connect server, after trying 10 times, last try server is {serverIp:zf.zngue.com serverPort:8848 serverGrpcPort:49848}, error=server check request failed , err:rpc error: code = Unavailable desc = connection error: desc = "error reading server preface: EOF"
2026-01-27T16:08:48.463+0800	INFO	rpc/grpc_client.go:175	check tls config %!(EXTRA *constant.TLSConfig=&{false false false    })
2026-01-27T16:08:48.463+0800	INFO	rpc/grpc_client.go:180	try to get tls config from env
2026-01-27T16:08:48.463+0800	INFO	rpc/grpc_client.go:189	 tls config from env is not enable
2026-01-27T16:08:48.463+0800	INFO	naming_grpc/naming_grpc_proxy.go:95	register instance namespaceId:<develop>,serviceName:<user-service> with instance:<{"instanceId":"","ip":"192.168.1.21","port":9001,"weight":0,"healthy":true,"enabled":true,"ephemeral":true,"clusterName":"","serviceName":"","metadata":{},"instanceHeartBeatInterval":0,"ipDeleteTimeout":0,"instanceHeartBeatTimeOut":0}>
2026-01-27T16:08:48.463+0800	ERROR	rpc/rpc_client.go:630	Send request fail, request=InstanceRequest, body={"requestId":"","namespace":"develop","serviceName":"user-service","groupName":"test_user","module":"naming","type":"registerInstance","instance":{"instanceId":"","ip":"192.168.1.21","port":9001,"weight":0,"healthy":true,"enabled":true,"ephemeral":true,"clusterName":"","serviceName":"","metadata":{},"instanceHeartBeatInterval":0,"ipDeleteTimeout":0,"instanceHeartBeatTimeOut":0}}, retryTimes=0, error=client not connected, current status:STARTING
github.com/nacos-group/nacos-sdk-go/v2/common/remote/rpc.(*RpcClient).Request
	/Users/zngue/go/pkg/mod/github.com/nacos-group/nacos-sdk-go/v2@v2.3.5/common/remote/rpc/rpc_client.go:592
github.com/nacos-group/nacos-sdk-go/v2/clients/naming_client/naming_grpc.(*NamingGrpcProxy).requestToServer
	/Users/zngue/go/pkg/mod/github.com/nacos-group/nacos-sdk-go/v2@v2.3.5/clients/naming_client/naming_grpc/naming_grpc_proxy.go:88
github.com/nacos-group/nacos-sdk-go/v2/clients/naming_client/naming_grpc.(*NamingGrpcProxy).RegisterInstance
	/Users/zngue/go/pkg/mod/github.com/nacos-group/nacos-sdk-go/v2@v2.3.5/clients/naming_client/naming_grpc/naming_grpc_proxy.go:99
github.com/nacos-group/nacos-sdk-go/v2/clients/naming_client.(*NamingProxyDelegate).RegisterInstance
	/Users/zngue/go/pkg/mod/github.com/nacos-group/nacos-sdk-go/v2@v2.3.5/clients/naming_client/naming_proxy_delegate.go:92
github.com/nacos-group/nacos-sdk-go/v2/clients/naming_client.(*NamingClient).RegisterInstance
	/Users/zngue/go/pkg/mod/github.com/nacos-group/nacos-sdk-go/v2@v2.3.5/clients/naming_client/naming_client.go:125
github.com/zngue/zng_app/app/config/nacos.NewCenterOptions
	/Users/zngue/www/go/zng_go/zng_app/app/config/nacos/nacos.go:39
main.main
	/Users/zngue/www/go/zng_go/zng_app/cmd/user/main.go:10
runtime.main
	/opt/homebrew/Cellar/go/1.24.3/libexec/src/runtime/proc.go:283
runtime.goexit
	/opt/homebrew/Cellar/go/1.24.3/libexec/src/runtime/asm_arm64.s:1223
2026-01-27T16:08:48.495+0800	WARN	rpc/rpc_client.go:458	71fce303-18a7-49e1-83ce-43911cd7fe9b fail to connect server, after trying 11 times, last try server is {serverIp:zf.zngue.com serverPort:8848 serverGrpcPort:49848}, error=server check request failed , err:rpc error: code = Unavailable desc = connection error: desc = "error reading server preface: EOF"
2026-01-27T16:08:48.564+0800	ERROR	rpc/rpc_client.go:630	Send request fail, request=InstanceRequest, body={"requestId":"","namespace":"develop","serviceName":"user-service","groupName":"test_user","module":"naming","type":"registerInstance","instance":{"instanceId":"","ip":"192.168.1.21","port":9001,"weight":0,"healthy":true,"enabled":true,"ephemeral":true,"clusterName":"","serviceName":"","metadata":{},"instanceHeartBeatInterval":0,"ipDeleteTimeout":0,"instanceHeartBeatTimeOut":0}}, retryTimes=1, error=client not connected, current status:STARTING
github.com/nacos-group/nacos-sdk-go/v2/common/remote/rpc.(*RpcClient).Request
	/Users/zngue/go/pkg/mod/github.com/nacos-group/nacos-sdk-go/v2@v2.3.5/common/remote/rpc/rpc_client.go:592
github.com/nacos-group/nacos-sdk-go/v2/clients/naming_client/naming_grpc.(*NamingGrpcProxy).requestToServer
	/Users/zngue/go/pkg/mod/github.com/nacos-group/nacos-sdk-go/v2@v2.3.5/clients/naming_client/naming_grpc/naming_grpc_proxy.go:88
github.com/nacos-group/nacos-sdk-go/v2/clients/naming_client/naming_grpc.(*NamingGrpcProxy).RegisterInstance
	/Users/zngue/go/pkg/mod/github.com/nacos-group/nacos-sdk-go/v2@v2.3.5/clients/naming_client/naming_grpc/naming_grpc_proxy.go:99
github.com/nacos-group/nacos-sdk-go/v2/clients/naming_client.(*NamingProxyDelegate).RegisterInstance
	/Users/zngue/go/pkg/mod/github.com/nacos-group/nacos-sdk-go/v2@v2.3.5/clients/naming_client/naming_proxy_delegate.go:92
github.com/nacos-group/nacos-sdk-go/v2/clients/naming_client.(*NamingClient).RegisterInstance
	/Users/zngue/go/pkg/mod/github.com/nacos-group/nacos-sdk-go/v2@v2.3.5/clients/naming_client/naming_client.go:125
github.com/zngue/zng_app/app/config/nacos.NewCenterOptions
	/Users/zngue/www/go/zng_go/zng_app/app/config/nacos/nacos.go:39
main.main
	/Users/zngue/www/go/zng_go/zng_app/cmd/user/main.go:10
runtime.main
	/opt/homebrew/Cellar/go/1.24.3/libexec/src/runtime/proc.go:283
runtime.goexit
	/opt/homebrew/Cellar/go/1.24.3/libexec/src/runtime/asm_arm64.s:1223
2026-01-27T16:08:48.666+0800	ERROR	rpc/rpc_client.go:630	Send request fail, request=InstanceRequest, body={"requestId":"","namespace":"develop","serviceName":"user-service","groupName":"test_user","module":"naming","type":"registerInstance","instance":{"instanceId":"","ip":"192.168.1.21","port":9001,"weight":0,"healthy":true,"enabled":true,"ephemeral":true,"clusterName":"","serviceName":"","metadata":{},"instanceHeartBeatInterval":0,"ipDeleteTimeout":0,"instanceHeartBeatTimeOut":0}}, retryTimes=2, error=client not connected, current status:STARTING
github.com/nacos-group/nacos-sdk-go/v2/common/remote/rpc.(*RpcClient).Request
	/Users/zngue/go/pkg/mod/github.com/nacos-group/nacos-sdk-go/v2@v2.3.5/common/remote/rpc/rpc_client.go:592
github.com/nacos-group/nacos-sdk-go/v2/clients/naming_client/naming_grpc.(*NamingGrpcProxy).requestToServer
	/Users/zngue/go/pkg/mod/github.com/nacos-group/nacos-sdk-go/v2@v2.3.5/clients/naming_client/naming_grpc/naming_grpc_proxy.go:88
github.com/nacos-group/nacos-sdk-go/v2/clients/naming_client/naming_grpc.(*NamingGrpcProxy).RegisterInstance
	/Users/zngue/go/pkg/mod/github.com/nacos-group/nacos-sdk-go/v2@v2.3.5/clients/naming_client/naming_grpc/naming_grpc_proxy.go:99
github.com/nacos-group/nacos-sdk-go/v2/clients/naming_client.(*NamingProxyDelegate).RegisterInstance
	/Users/zngue/go/pkg/mod/github.com/nacos-group/nacos-sdk-go/v2@v2.3.5/clients/naming_client/naming_proxy_delegate.go:92
github.com/nacos-group/nacos-sdk-go/v2/clients/naming_client.(*NamingClient).RegisterInstance
	/Users/zngue/go/pkg/mod/github.com/nacos-group/nacos-sdk-go/v2@v2.3.5/clients/naming_client/naming_client.go:125
github.com/zngue/zng_app/app/config/nacos.NewCenterOptions
	/Users/zngue/www/go/zng_go/zng_app/app/config/nacos/nacos.go:39
main.main
	/Users/zngue/www/go/zng_go/zng_app/cmd/user/main.go:10
runtime.main
	/opt/homebrew/Cellar/go/1.24.3/libexec/src/runtime/proc.go:283
runtime.goexit
	/opt/homebrew/Cellar/go/1.24.3/libexec/src/runtime/asm_arm64.s:1223
2026-01-27T16:09:20.450+0800	ERROR	cache/disk_cache.go:75	read cacheDir:/Users/zngue/www/go/zng_go/zng_app/cache/naming/develop failed!err:open /Users/zngue/www/go/zng_go/zng_app/cache/naming/develop: no such file or directory
2026-01-27T16:09:20.452+0800	INFO	naming_http/push_receiver.go:89	udp server start, port: 55228
2026-01-27T16:09:20.452+0800	INFO	rpc/rpc_client.go:157	init rpc client for name %!(EXTRA string=e9c80048-bd10-4a17-8a61-b462c8ce684f)
2026-01-27T16:09:20.452+0800	INFO	rpc/rpc_client.go:166	get app conn labels from client config map[] 
2026-01-27T16:09:20.452+0800	INFO	rpc/rpc_client.go:168	get app conn labels from env map[] 
2026-01-27T16:09:20.452+0800	INFO	rpc/rpc_client.go:171	final app conn labels : map[] 
2026-01-27T16:09:20.452+0800	INFO	rpc/rpc_client.go:327	[RpcClient.Start] e9c80048-bd10-4a17-8a61-b462c8ce684f try to connect to server on start up, server: {serverIp:zf.zngue.com serverPort:48848 serverGrpcPort:49848}
2026-01-27T16:09:20.452+0800	INFO	rpc/grpc_client.go:175	check tls config %!(EXTRA *constant.TLSConfig=&{false false false    })
2026-01-27T16:09:20.452+0800	INFO	rpc/grpc_client.go:180	try to get tls config from env
2026-01-27T16:09:20.452+0800	INFO	rpc/grpc_client.go:189	 tls config from env is not enable
2026-01-27T16:09:20.453+0800	INFO	util/common.go:96	Local IP:169.254.131.38
2026-01-27T16:09:20.488+0800	WARN	rpc/rpc_client.go:329	[RpcClient.Start] e9c80048-bd10-4a17-8a61-b462c8ce684f fail to connect to server on start up, error message=server check request failed , err:rpc error: code = Unavailable desc = connection error: desc = "error reading server preface: EOF", start up retry times left=2
2026-01-27T16:09:20.488+0800	INFO	rpc/rpc_client.go:327	[RpcClient.Start] e9c80048-bd10-4a17-8a61-b462c8ce684f try to connect to server on start up, server: {serverIp:zf.zngue.com serverPort:48848 serverGrpcPort:49848}
2026-01-27T16:09:20.488+0800	INFO	rpc/grpc_client.go:175	check tls config %!(EXTRA *constant.TLSConfig=&{false false false    })
2026-01-27T16:09:20.488+0800	INFO	rpc/grpc_client.go:180	try to get tls config from env
2026-01-27T16:09:20.488+0800	INFO	rpc/grpc_client.go:189	 tls config from env is not enable
2026-01-27T16:09:20.515+0800	WARN	rpc/rpc_client.go:329	[RpcClient.Start] e9c80048-bd10-4a17-8a61-b462c8ce684f fail to connect to server on start up, error message=server check request failed , err:rpc error: code = Unavailable desc = connection error: desc = "error reading server preface: EOF", start up retry times left=1
2026-01-27T16:09:20.515+0800	INFO	rpc/rpc_client.go:327	[RpcClient.Start] e9c80048-bd10-4a17-8a61-b462c8ce684f try to connect to server on start up, server: {serverIp:zf.zngue.com serverPort:48848 serverGrpcPort:49848}
2026-01-27T16:09:20.515+0800	INFO	rpc/grpc_client.go:175	check tls config %!(EXTRA *constant.TLSConfig=&{false false false    })
2026-01-27T16:09:20.515+0800	INFO	rpc/grpc_client.go:180	try to get tls config from env
2026-01-27T16:09:20.515+0800	INFO	rpc/grpc_client.go:189	 tls config from env is not enable
2026-01-27T16:09:20.542+0800	WARN	rpc/rpc_client.go:329	[RpcClient.Start] e9c80048-bd10-4a17-8a61-b462c8ce684f fail to connect to server on start up, error message=server check request failed , err:rpc error: code = Unavailable desc = connection error: desc = "error reading server preface: EOF", start up retry times left=0
2026-01-27T16:09:20.542+0800	INFO	rpc/rpc_client.go:427	e9c80048-bd10-4a17-8a61-b462c8ce684f try to re connect to a new server, server is not appointed, will choose a random server.
2026-01-27T16:09:20.542+0800	INFO	rpc/grpc_client.go:175	check tls config %!(EXTRA *constant.TLSConfig=&{false false false    })
2026-01-27T16:09:20.542+0800	INFO	rpc/grpc_client.go:180	try to get tls config from env
2026-01-27T16:09:20.542+0800	INFO	rpc/grpc_client.go:189	 tls config from env is not enable
2026-01-27T16:09:20.568+0800	INFO	rpc/grpc_client.go:175	check tls config %!(EXTRA *constant.TLSConfig=&{false false false    })
2026-01-27T16:09:20.568+0800	INFO	rpc/grpc_client.go:180	try to get tls config from env
2026-01-27T16:09:20.568+0800	INFO	rpc/grpc_client.go:189	 tls config from env is not enable
2026-01-27T16:09:20.595+0800	WARN	rpc/rpc_client.go:458	e9c80048-bd10-4a17-8a61-b462c8ce684f fail to connect server, after trying 1 times, last try server is {serverIp:zf.zngue.com serverPort:48848 serverGrpcPort:49848}, error=server check request failed , err:rpc error: code = Unavailable desc = connection error: desc = "error reading server preface: EOF"
2026-01-27T16:09:20.696+0800	INFO	rpc/grpc_client.go:175	check tls config %!(EXTRA *constant.TLSConfig=&{false false false    })
2026-01-27T16:09:20.696+0800	INFO	rpc/grpc_client.go:180	try to get tls config from env
2026-01-27T16:09:20.696+0800	INFO	rpc/grpc_client.go:189	 tls config from env is not enable
2026-01-27T16:09:20.724+0800	WARN	rpc/rpc_client.go:458	e9c80048-bd10-4a17-8a61-b462c8ce684f fail to connect server, after trying 2 times, last try server is {serverIp:zf.zngue.com serverPort:48848 serverGrpcPort:49848}, error=server check request failed , err:rpc error: code = Unavailable desc = connection error: desc = "error reading server preface: EOF"
2026-01-27T16:09:20.925+0800	INFO	rpc/grpc_client.go:175	check tls config %!(EXTRA *constant.TLSConfig=&{false false false    })
2026-01-27T16:09:20.925+0800	INFO	rpc/grpc_client.go:180	try to get tls config from env
2026-01-27T16:09:20.925+0800	INFO	rpc/grpc_client.go:189	 tls config from env is not enable
2026-01-27T16:09:20.952+0800	WARN	rpc/rpc_client.go:458	e9c80048-bd10-4a17-8a61-b462c8ce684f fail to connect server, after trying 3 times, last try server is {serverIp:zf.zngue.com serverPort:48848 serverGrpcPort:49848}, error=server check request failed , err:rpc error: code = Unavailable desc = connection error: desc = "error reading server preface: EOF"
2026-01-27T16:09:21.253+0800	INFO	rpc/grpc_client.go:175	check tls config %!(EXTRA *constant.TLSConfig=&{false false false    })
2026-01-27T16:09:21.253+0800	INFO	rpc/grpc_client.go:180	try to get tls config from env
2026-01-27T16:09:21.253+0800	INFO	rpc/grpc_client.go:189	 tls config from env is not enable
2026-01-27T16:09:21.281+0800	WARN	rpc/rpc_client.go:458	e9c80048-bd10-4a17-8a61-b462c8ce684f fail to connect server, after trying 4 times, last try server is {serverIp:zf.zngue.com serverPort:48848 serverGrpcPort:49848}, error=server check request failed , err:rpc error: code = Unavailable desc = connection error: desc = "error reading server preface: EOF"
2026-01-27T16:09:21.686+0800	INFO	rpc/grpc_client.go:175	check tls config %!(EXTRA *constant.TLSConfig=&{false false false    })
2026-01-27T16:09:21.686+0800	INFO	rpc/grpc_client.go:180	try to get tls config from env
2026-01-27T16:09:21.686+0800	INFO	rpc/grpc_client.go:189	 tls config from env is not enable
2026-01-27T16:09:21.714+0800	WARN	rpc/rpc_client.go:458	e9c80048-bd10-4a17-8a61-b462c8ce684f fail to connect server, after trying 5 times, last try server is {serverIp:zf.zngue.com serverPort:48848 serverGrpcPort:49848}, error=server check request failed , err:rpc error: code = Unavailable desc = connection error: desc = "error reading server preface: EOF"
2026-01-27T16:09:22.215+0800	INFO	rpc/grpc_client.go:175	check tls config %!(EXTRA *constant.TLSConfig=&{false false false    })
2026-01-27T16:09:22.215+0800	INFO	rpc/grpc_client.go:180	try to get tls config from env
2026-01-27T16:09:22.215+0800	INFO	rpc/grpc_client.go:189	 tls config from env is not enable
2026-01-27T16:09:22.254+0800	WARN	rpc/rpc_client.go:458	e9c80048-bd10-4a17-8a61-b462c8ce684f fail to connect server, after trying 6 times, last try server is {serverIp:zf.zngue.com serverPort:48848 serverGrpcPort:49848}, error=server check request failed , err:rpc error: code = Unavailable desc = connection error: desc = "error reading server preface: EOF"
2026-01-27T16:09:22.854+0800	INFO	rpc/grpc_client.go:175	check tls config %!(EXTRA *constant.TLSConfig=&{false false false    })
2026-01-27T16:09:22.854+0800	INFO	rpc/grpc_client.go:180	try to get tls config from env
2026-01-27T16:09:22.854+0800	INFO	rpc/grpc_client.go:189	 tls config from env is not enable
2026-01-27T16:09:22.885+0800	WARN	rpc/rpc_client.go:458	e9c80048-bd10-4a17-8a61-b462c8ce684f fail to connect server, after trying 7 times, last try server is {serverIp:zf.zngue.com serverPort:48848 serverGrpcPort:49848}, error=server check request failed , err:rpc error: code = Unavailable desc = connection error: desc = "error reading server preface: EOF"
2026-01-27T16:09:23.585+0800	INFO	rpc/grpc_client.go:175	check tls config %!(EXTRA *constant.TLSConfig=&{false false false    })
2026-01-27T16:09:23.586+0800	INFO	rpc/grpc_client.go:180	try to get tls config from env
2026-01-27T16:09:23.586+0800	INFO	rpc/grpc_client.go:189	 tls config from env is not enable
2026-01-27T16:09:23.616+0800	WARN	rpc/rpc_client.go:458	e9c80048-bd10-4a17-8a61-b462c8ce684f fail to connect server, after trying 8 times, last try server is {serverIp:zf.zngue.com serverPort:48848 serverGrpcPort:49848}, error=server check request failed , err:rpc error: code = Unavailable desc = connection error: desc = "error reading server preface: EOF"
2026-01-27T16:09:24.417+0800	INFO	rpc/grpc_client.go:175	check tls config %!(EXTRA *constant.TLSConfig=&{false false false    })
2026-01-27T16:09:24.417+0800	INFO	rpc/grpc_client.go:180	try to get tls config from env
2026-01-27T16:09:24.417+0800	INFO	rpc/grpc_client.go:189	 tls config from env is not enable
2026-01-27T16:09:24.444+0800	WARN	rpc/rpc_client.go:458	e9c80048-bd10-4a17-8a61-b462c8ce684f fail to connect server, after trying 9 times, last try server is {serverIp:zf.zngue.com serverPort:48848 serverGrpcPort:49848}, error=server check request failed , err:rpc error: code = Unavailable desc = connection error: desc = "error reading server preface: EOF"
2026-01-27T16:09:25.346+0800	INFO	rpc/grpc_client.go:175	check tls config %!(EXTRA *constant.TLSConfig=&{false false false    })
2026-01-27T16:09:25.346+0800	INFO	rpc/grpc_client.go:180	try to get tls config from env
2026-01-27T16:09:25.346+0800	INFO	rpc/grpc_client.go:189	 tls config from env is not enable
2026-01-27T16:09:25.376+0800	WARN	rpc/rpc_client.go:458	e9c80048-bd10-4a17-8a61-b462c8ce684f fail to connect server, after trying 10 times, last try server is {serverIp:zf.zngue.com serverPort:48848 serverGrpcPort:49848}, error=server check request failed , err:rpc error: code = Unavailable desc = connection error: desc = "error reading server preface: EOF"
2026-01-27T16:09:41.867+0800	ERROR	cache/disk_cache.go:75	read cacheDir:/Users/zngue/www/go/zng_go/zng_app/cache/naming/develop failed!err:open /Users/zngue/www/go/zng_go/zng_app/cache/naming/develop: no such file or directory
2026-01-27T16:09:41.868+0800	INFO	naming_http/push_receiver.go:89	udp server start, port: 55727
2026-01-27T16:09:41.868+0800	INFO	rpc/rpc_client.go:157	init rpc client for name %!(EXTRA string=e98d5b9d-5afe-44c1-a324-a82f7d59ff19)
2026-01-27T16:09:41.868+0800	INFO	rpc/rpc_client.go:166	get app conn labels from client config map[] 
2026-01-27T16:09:41.868+0800	INFO	rpc/rpc_client.go:168	get app conn labels from env map[] 
2026-01-27T16:09:41.868+0800	INFO	rpc/rpc_client.go:171	final app conn labels : map[] 
2026-01-27T16:09:41.869+0800	INFO	rpc/rpc_client.go:327	[RpcClient.Start] e98d5b9d-5afe-44c1-a324-a82f7d59ff19 try to connect to server on start up, server: {serverIp:zf.zngue.com serverPort:48848 serverGrpcPort:49848}
2026-01-27T16:09:41.869+0800	INFO	rpc/grpc_client.go:175	check tls config %!(EXTRA *constant.TLSConfig=&{false false false    })
2026-01-27T16:09:41.869+0800	INFO	rpc/grpc_client.go:180	try to get tls config from env
2026-01-27T16:09:41.869+0800	INFO	rpc/grpc_client.go:189	 tls config from env is not enable
2026-01-27T16:09:41.870+0800	INFO	util/common.go:96	Local IP:169.254.131.38
2026-01-27T16:09:41.897+0800	WARN	rpc/rpc_client.go:329	[RpcClient.Start] e98d5b9d-5afe-44c1-a324-a82f7d59ff19 fail to connect to server on start up, error message=server check request failed , err:rpc error: code = Unavailable desc = connection error: desc = "error reading server preface: read tcp 192.168.1.21:62272->42.193.55.92:49848: read: connection reset by peer", start up retry times left=2
2026-01-27T16:09:41.897+0800	INFO	rpc/rpc_client.go:327	[RpcClient.Start] e98d5b9d-5afe-44c1-a324-a82f7d59ff19 try to connect to server on start up, server: {serverIp:zf.zngue.com serverPort:48848 serverGrpcPort:49848}
2026-01-27T16:09:41.897+0800	INFO	rpc/grpc_client.go:175	check tls config %!(EXTRA *constant.TLSConfig=&{false false false    })
2026-01-27T16:09:41.897+0800	INFO	rpc/grpc_client.go:180	try to get tls config from env
2026-01-27T16:09:41.897+0800	INFO	rpc/grpc_client.go:189	 tls config from env is not enable
2026-01-27T16:09:41.924+0800	WARN	rpc/rpc_client.go:329	[RpcClient.Start] e98d5b9d-5afe-44c1-a324-a82f7d59ff19 fail to connect to server on start up, error message=server check request failed , err:rpc error: code = Unavailable desc = connection error: desc = "error reading server preface: read tcp 192.168.1.21:62273->42.193.55.92:49848: read: connection reset by peer", start up retry times left=1
2026-01-27T16:09:41.924+0800	INFO	rpc/rpc_client.go:327	[RpcClient.Start] e98d5b9d-5afe-44c1-a324-a82f7d59ff19 try to connect to server on start up, server: {serverIp:zf.zngue.com serverPort:48848 serverGrpcPort:49848}
2026-01-27T16:09:41.924+0800	INFO	rpc/grpc_client.go:175	check tls config %!(EXTRA *constant.TLSConfig=&{false false false    })
2026-01-27T16:09:41.924+0800	INFO	rpc/grpc_client.go:180	try to get tls config from env
2026-01-27T16:09:41.924+0800	INFO	rpc/grpc_client.go:189	 tls config from env is not enable
2026-01-27T16:09:41.951+0800	WARN	rpc/rpc_client.go:329	[RpcClient.Start] e98d5b9d-5afe-44c1-a324-a82f7d59ff19 fail to connect to server on start up, error message=server check request failed , err:rpc error: code = Unavailable desc = connection error: desc = "error reading server preface: EOF", start up retry times left=0
2026-01-27T16:09:41.951+0800	INFO	rpc/rpc_client.go:427	e98d5b9d-5afe-44c1-a324-a82f7d59ff19 try to re connect to a new server, server is not appointed, will choose a random server.
2026-01-27T16:09:41.951+0800	INFO	rpc/grpc_client.go:175	check tls config %!(EXTRA *constant.TLSConfig=&{false false false    })
2026-01-27T16:09:41.951+0800	INFO	rpc/grpc_client.go:180	try to get tls config from env
2026-01-27T16:09:41.951+0800	INFO	rpc/grpc_client.go:189	 tls config from env is not enable
2026-01-27T16:09:41.979+0800	INFO	rpc/grpc_client.go:175	check tls config %!(EXTRA *constant.TLSConfig=&{false false false    })
2026-01-27T16:09:41.980+0800	INFO	rpc/grpc_client.go:180	try to get tls config from env
2026-01-27T16:09:41.980+0800	INFO	rpc/grpc_client.go:189	 tls config from env is not enable
2026-01-27T16:09:42.009+0800	WARN	rpc/rpc_client.go:458	e98d5b9d-5afe-44c1-a324-a82f7d59ff19 fail to connect server, after trying 1 times, last try server is {serverIp:zf.zngue.com serverPort:48848 serverGrpcPort:49848}, error=server check request failed , err:rpc error: code = Unavailable desc = connection error: desc = "error reading server preface: EOF"
2026-01-27T16:09:42.110+0800	INFO	rpc/grpc_client.go:175	check tls config %!(EXTRA *constant.TLSConfig=&{false false false    })
2026-01-27T16:09:42.110+0800	INFO	rpc/grpc_client.go:180	try to get tls config from env
2026-01-27T16:09:42.110+0800	INFO	rpc/grpc_client.go:189	 tls config from env is not enable
2026-01-27T16:09:42.138+0800	WARN	rpc/rpc_client.go:458	e98d5b9d-5afe-44c1-a324-a82f7d59ff19 fail to connect server, after trying 2 times, last try server is {serverIp:zf.zngue.com serverPort:48848 serverGrpcPort:49848}, error=server check request failed , err:rpc error: code = Unavailable desc = connection error: desc = "error reading server preface: EOF"
2026-01-27T16:09:42.339+0800	INFO	rpc/grpc_client.go:175	check tls config %!(EXTRA *constant.TLSConfig=&{false false false    })
2026-01-27T16:09:42.339+0800	INFO	rpc/grpc_client.go:180	try to get tls config from env
2026-01-27T16:09:42.339+0800	INFO	rpc/grpc_client.go:189	 tls config from env is not enable
2026-01-27T16:09:42.365+0800	WARN	rpc/rpc_client.go:458	e98d5b9d-5afe-44c1-a324-a82f7d59ff19 fail to connect server, after trying 3 times, last try server is {serverIp:zf.zngue.com serverPort:48848 serverGrpcPort:49848}, error=server check request failed , err:rpc error: code = Unavailable desc = connection error: desc = "error reading server preface: EOF"
2026-01-27T16:09:42.667+0800	INFO	rpc/grpc_client.go:175	check tls config %!(EXTRA *constant.TLSConfig=&{false false false    })
2026-01-27T16:09:42.671+0800	INFO	rpc/grpc_client.go:180	try to get tls config from env
2026-01-27T16:09:42.672+0800	INFO	rpc/grpc_client.go:189	 tls config from env is not enable
2026-01-27T16:09:42.712+0800	WARN	rpc/rpc_client.go:458	e98d5b9d-5afe-44c1-a324-a82f7d59ff19 fail to connect server, after trying 4 times, last try server is {serverIp:zf.zngue.com serverPort:48848 serverGrpcPort:49848}, error=server check request failed , err:rpc error: code = Unavailable desc = connection error: desc = "error reading server preface: EOF"
2026-01-27T16:09:43.112+0800	INFO	rpc/grpc_client.go:175	check tls config %!(EXTRA *constant.TLSConfig=&{false false false    })
2026-01-27T16:09:43.112+0800	INFO	rpc/grpc_client.go:180	try to get tls config from env
2026-01-27T16:09:43.113+0800	INFO	rpc/grpc_client.go:189	 tls config from env is not enable
2026-01-27T16:09:43.143+0800	WARN	rpc/rpc_client.go:458	e98d5b9d-5afe-44c1-a324-a82f7d59ff19 fail to connect server, after trying 5 times, last try server is {serverIp:zf.zngue.com serverPort:48848 serverGrpcPort:49848}, error=server check request failed , err:rpc error: code = Unavailable desc = connection error: desc = "error reading server preface: EOF"
2026-01-27T16:09:43.646+0800	INFO	rpc/grpc_client.go:175	check tls config %!(EXTRA *constant.TLSConfig=&{false false false    })
2026-01-27T16:09:43.646+0800	INFO	rpc/grpc_client.go:180	try to get tls config from env
2026-01-27T16:09:43.646+0800	INFO	rpc/grpc_client.go:189	 tls config from env is not enable
2026-01-27T16:09:43.676+0800	WARN	rpc/rpc_client.go:458	e98d5b9d-5afe-44c1-a324-a82f7d59ff19 fail to connect server, after trying 6 times, last try server is {serverIp:zf.zngue.com serverPort:48848 serverGrpcPort:49848}, error=server check request failed , err:rpc error: code = Unavailable desc = connection error: desc = "error reading server preface: EOF"
2026-01-27T16:09:44.279+0800	INFO	rpc/grpc_client.go:175	check tls config %!(EXTRA *constant.TLSConfig=&{false false false    })
2026-01-27T16:09:44.280+0800	INFO	rpc/grpc_client.go:180	try to get tls config from env
2026-01-27T16:09:44.281+0800	INFO	rpc/grpc_client.go:189	 tls config from env is not enable
2026-01-27T16:09:44.313+0800	WARN	rpc/rpc_client.go:458	e98d5b9d-5afe-44c1-a324-a82f7d59ff19 fail to connect server, after trying 7 times, last try server is {serverIp:zf.zngue.com serverPort:48848 serverGrpcPort:49848}, error=server check request failed , err:rpc error: code = Unavailable desc = connection error: desc = "error reading server preface: EOF"
2026-01-27T16:09:45.015+0800	INFO	rpc/grpc_client.go:175	check tls config %!(EXTRA *constant.TLSConfig=&{false false false    })
2026-01-27T16:09:45.015+0800	INFO	rpc/grpc_client.go:180	try to get tls config from env
2026-01-27T16:09:45.015+0800	INFO	rpc/grpc_client.go:189	 tls config from env is not enable
2026-01-27T16:09:45.049+0800	WARN	rpc/rpc_client.go:458	e98d5b9d-5afe-44c1-a324-a82f7d59ff19 fail to connect server, after trying 8 times, last try server is {serverIp:zf.zngue.com serverPort:48848 serverGrpcPort:49848}, error=server check request failed , err:rpc error: code = Unavailable desc = connection error: desc = "error reading server preface: read tcp 192.168.1.21:62309->42.193.55.92:49848: read: connection reset by peer"
2026-01-27T16:09:45.851+0800	INFO	rpc/grpc_client.go:175	check tls config %!(EXTRA *constant.TLSConfig=&{false false false    })
2026-01-27T16:09:45.851+0800	INFO	rpc/grpc_client.go:180	try to get tls config from env
2026-01-27T16:09:45.851+0800	INFO	rpc/grpc_client.go:189	 tls config from env is not enable
2026-01-27T16:09:45.881+0800	WARN	rpc/rpc_client.go:458	e98d5b9d-5afe-44c1-a324-a82f7d59ff19 fail to connect server, after trying 9 times, last try server is {serverIp:zf.zngue.com serverPort:48848 serverGrpcPort:49848}, error=server check request failed , err:rpc error: code = Unavailable desc = connection error: desc = "error reading server preface: EOF"
2026-01-27T16:09:46.784+0800	INFO	rpc/grpc_client.go:175	check tls config %!(EXTRA *constant.TLSConfig=&{false false false    })
2026-01-27T16:09:46.784+0800	INFO	rpc/grpc_client.go:180	try to get tls config from env
2026-01-27T16:09:46.784+0800	INFO	rpc/grpc_client.go:189	 tls config from env is not enable
2026-01-27T16:09:46.819+0800	WARN	rpc/rpc_client.go:458	e98d5b9d-5afe-44c1-a324-a82f7d59ff19 fail to connect server, after trying 10 times, last try server is {serverIp:zf.zngue.com serverPort:48848 serverGrpcPort:49848}, error=server check request failed , err:rpc error: code = Unavailable desc = connection error: desc = "error reading server preface: EOF"
2026-01-27T16:09:47.820+0800	INFO	rpc/grpc_client.go:175	check tls config %!(EXTRA *constant.TLSConfig=&{false false false    })
2026-01-27T16:09:47.820+0800	INFO	rpc/grpc_client.go:180	try to get tls config from env
2026-01-27T16:09:47.820+0800	INFO	rpc/grpc_client.go:189	 tls config from env is not enable
2026-01-27T16:09:47.856+0800	WARN	rpc/rpc_client.go:458	e98d5b9d-5afe-44c1-a324-a82f7d59ff19 fail to connect server, after trying 11 times, last try server is {serverIp:zf.zngue.com serverPort:48848 serverGrpcPort:49848}, error=server check request failed , err:rpc error: code = Unavailable desc = connection error: desc = "error reading server preface: read tcp 192.168.1.21:62336->42.193.55.92:49848: read: connection reset by peer"
2026-01-27T16:09:48.958+0800	INFO	rpc/grpc_client.go:175	check tls config %!(EXTRA *constant.TLSConfig=&{false false false    })
2026-01-27T16:09:48.958+0800	INFO	rpc/grpc_client.go:180	try to get tls config from env
2026-01-27T16:09:48.959+0800	INFO	rpc/grpc_client.go:189	 tls config from env is not enable
2026-01-27T16:09:48.991+0800	WARN	rpc/rpc_client.go:458	e98d5b9d-5afe-44c1-a324-a82f7d59ff19 fail to connect server, after trying 12 times, last try server is {serverIp:zf.zngue.com serverPort:48848 serverGrpcPort:49848}, error=server check request failed , err:rpc error: code = Unavailable desc = connection error: desc = "error reading server preface: EOF"
2026-01-27T16:09:50.192+0800	INFO	rpc/grpc_client.go:175	check tls config %!(EXTRA *constant.TLSConfig=&{false false false    })
2026-01-27T16:09:50.192+0800	INFO	rpc/grpc_client.go:180	try to get tls config from env
2026-01-27T16:09:50.192+0800	INFO	rpc/grpc_client.go:189	 tls config from env is not enable
2026-01-27T16:09:50.220+0800	WARN	rpc/rpc_client.go:458	e98d5b9d-5afe-44c1-a324-a82f7d59ff19 fail to connect server, after trying 13 times, last try server is {serverIp:zf.zngue.com serverPort:48848 serverGrpcPort:49848}, error=server check request failed , err:rpc error: code = Unavailable desc = connection error: desc = "error reading server preface: EOF"
2026-01-27T16:09:51.520+0800	INFO	rpc/grpc_client.go:175	check tls config %!(EXTRA *constant.TLSConfig=&{false false false    })
2026-01-27T16:09:51.520+0800	INFO	rpc/grpc_client.go:180	try to get tls config from env
2026-01-27T16:09:51.520+0800	INFO	rpc/grpc_client.go:189	 tls config from env is not enable
2026-01-27T16:09:51.550+0800	WARN	rpc/rpc_client.go:458	e98d5b9d-5afe-44c1-a324-a82f7d59ff19 fail to connect server, after trying 14 times, last try server is {serverIp:zf.zngue.com serverPort:48848 serverGrpcPort:49848}, error=server check request failed , err:rpc error: code = Unavailable desc = connection error: desc = "error reading server preface: EOF"
2026-01-27T16:09:52.951+0800	INFO	rpc/grpc_client.go:175	check tls config %!(EXTRA *constant.TLSConfig=&{false false false    })
2026-01-27T16:09:52.951+0800	INFO	rpc/grpc_client.go:180	try to get tls config from env
2026-01-27T16:09:52.951+0800	INFO	rpc/grpc_client.go:189	 tls config from env is not enable
2026-01-27T16:09:52.985+0800	WARN	rpc/rpc_client.go:458	e98d5b9d-5afe-44c1-a324-a82f7d59ff19 fail to connect server, after trying 15 times, last try server is {serverIp:zf.zngue.com serverPort:48848 serverGrpcPort:49848}, error=server check request failed , err:rpc error: code = Unavailable desc = connection error: desc = "error reading server preface: EOF"
2026-01-27T16:09:54.486+0800	INFO	rpc/grpc_client.go:175	check tls config %!(EXTRA *constant.TLSConfig=&{false false false    })
2026-01-27T16:09:54.486+0800	INFO	rpc/grpc_client.go:180	try to get tls config from env
2026-01-27T16:09:54.486+0800	INFO	rpc/grpc_client.go:189	 tls config from env is not enable
2026-01-27T16:09:54.519+0800	WARN	rpc/rpc_client.go:458	e98d5b9d-5afe-44c1-a324-a82f7d59ff19 fail to connect server, after trying 16 times, last try server is {serverIp:zf.zngue.com serverPort:48848 serverGrpcPort:49848}, error=server check request failed , err:rpc error: code = Unavailable desc = connection error: desc = "error reading server preface: EOF"
2026-01-27T16:09:56.120+0800	INFO	rpc/grpc_client.go:175	check tls config %!(EXTRA *constant.TLSConfig=&{false false false    })
2026-01-27T16:09:56.120+0800	INFO	rpc/grpc_client.go:180	try to get tls config from env
2026-01-27T16:09:56.120+0800	INFO	rpc/grpc_client.go:189	 tls config from env is not enable
2026-01-27T16:09:56.148+0800	WARN	rpc/rpc_client.go:458	e98d5b9d-5afe-44c1-a324-a82f7d59ff19 fail to connect server, after trying 17 times, last try server is {serverIp:zf.zngue.com serverPort:48848 serverGrpcPort:49848}, error=server check request failed , err:rpc error: code = Unavailable desc = connection error: desc = "error reading server preface: EOF"
2026-01-27T16:09:57.850+0800	INFO	rpc/grpc_client.go:175	check tls config %!(EXTRA *constant.TLSConfig=&{false false false    })
2026-01-27T16:09:57.850+0800	INFO	rpc/grpc_client.go:180	try to get tls config from env
2026-01-27T16:09:57.850+0800	INFO	rpc/grpc_client.go:189	 tls config from env is not enable
2026-01-27T16:09:57.884+0800	WARN	rpc/rpc_client.go:458	e98d5b9d-5afe-44c1-a324-a82f7d59ff19 fail to connect server, after trying 18 times, last try server is {serverIp:zf.zngue.com serverPort:48848 serverGrpcPort:49848}, error=server check request failed , err:rpc error: code = Unavailable desc = connection error: desc = "error reading server preface: read tcp 192.168.1.21:62436->42.193.55.92:49848: read: connection reset by peer"
2026-01-27T16:09:59.685+0800	INFO	rpc/grpc_client.go:175	check tls config %!(EXTRA *constant.TLSConfig=&{false false false    })
2026-01-27T16:09:59.686+0800	INFO	rpc/grpc_client.go:180	try to get tls config from env
2026-01-27T16:09:59.686+0800	INFO	rpc/grpc_client.go:189	 tls config from env is not enable
2026-01-27T16:09:59.718+0800	WARN	rpc/rpc_client.go:458	e98d5b9d-5afe-44c1-a324-a82f7d59ff19 fail to connect server, after trying 19 times, last try server is {serverIp:zf.zngue.com serverPort:48848 serverGrpcPort:49848}, error=server check request failed , err:rpc error: code = Unavailable desc = connection error: desc = "error reading server preface: EOF"
2026-01-27T16:10:01.620+0800	INFO	rpc/grpc_client.go:175	check tls config %!(EXTRA *constant.TLSConfig=&{false false false    })
2026-01-27T16:10:01.620+0800	INFO	rpc/grpc_client.go:180	try to get tls config from env
2026-01-27T16:10:01.620+0800	INFO	rpc/grpc_client.go:189	 tls config from env is not enable
2026-01-27T16:10:01.655+0800	WARN	rpc/rpc_client.go:458	e98d5b9d-5afe-44c1-a324-a82f7d59ff19 fail to connect server, after trying 20 times, last try server is {serverIp:zf.zngue.com serverPort:48848 serverGrpcPort:49848}, error=server check request failed , err:rpc error: code = Unavailable desc = connection error: desc = "error reading server preface: EOF"
2026-01-27T16:11:14.928+0800	ERROR	cache/disk_cache.go:75	read cacheDir:/Users/zngue/www/go/zng_go/zng_app/cache/naming/develop failed!err:open /Users/zngue/www/go/zng_go/zng_app/cache/naming/develop: no such file or directory
2026-01-27T16:11:14.929+0800	INFO	naming_http/push_receiver.go:89	udp server start, port: 55319
2026-01-27T16:11:14.929+0800	INFO	rpc/rpc_client.go:157	init rpc client for name %!(EXTRA string=7b5607b5-8562-4d8a-9ec2-5fcd41369ffe)
2026-01-27T16:11:14.929+0800	INFO	rpc/rpc_client.go:166	get app conn labels from client config map[] 
2026-01-27T16:11:14.929+0800	INFO	rpc/rpc_client.go:168	get app conn labels from env map[] 
2026-01-27T16:11:14.929+0800	INFO	rpc/rpc_client.go:171	final app conn labels : map[] 
2026-01-27T16:11:14.929+0800	INFO	rpc/rpc_client.go:327	[RpcClient.Start] 7b5607b5-8562-4d8a-9ec2-5fcd41369ffe try to connect to server on start up, server: {serverIp:zf.zngue.com serverPort:48848 serverGrpcPort:49848}
2026-01-27T16:11:14.929+0800	INFO	rpc/grpc_client.go:175	check tls config %!(EXTRA *constant.TLSConfig=&{false false false    })
2026-01-27T16:11:14.929+0800	INFO	rpc/grpc_client.go:180	try to get tls config from env
2026-01-27T16:11:14.929+0800	INFO	rpc/grpc_client.go:189	 tls config from env is not enable
2026-01-27T16:11:14.930+0800	INFO	util/common.go:96	Local IP:169.254.131.38
2026-01-27T16:11:14.955+0800	WARN	rpc/rpc_client.go:329	[RpcClient.Start] 7b5607b5-8562-4d8a-9ec2-5fcd41369ffe fail to connect to server on start up, error message=server check request failed , err:rpc error: code = Unavailable desc = connection error: desc = "error reading server preface: EOF", start up retry times left=2
2026-01-27T16:11:14.955+0800	INFO	rpc/rpc_client.go:327	[RpcClient.Start] 7b5607b5-8562-4d8a-9ec2-5fcd41369ffe try to connect to server on start up, server: {serverIp:zf.zngue.com serverPort:48848 serverGrpcPort:49848}
2026-01-27T16:11:14.955+0800	INFO	rpc/grpc_client.go:175	check tls config %!(EXTRA *constant.TLSConfig=&{false false false    })
2026-01-27T16:11:14.955+0800	INFO	rpc/grpc_client.go:180	try to get tls config from env
2026-01-27T16:11:14.955+0800	INFO	rpc/grpc_client.go:189	 tls config from env is not enable
2026-01-27T16:11:14.982+0800	WARN	rpc/rpc_client.go:329	[RpcClient.Start] 7b5607b5-8562-4d8a-9ec2-5fcd41369ffe fail to connect to server on start up, error message=server check request failed , err:rpc error: code = Unavailable desc = connection error: desc = "error reading server preface: EOF", start up retry times left=1
2026-01-27T16:11:14.982+0800	INFO	rpc/rpc_client.go:327	[RpcClient.Start] 7b5607b5-8562-4d8a-9ec2-5fcd41369ffe try to connect to server on start up, server: {serverIp:zf.zngue.com serverPort:48848 serverGrpcPort:49848}
2026-01-27T16:11:14.982+0800	INFO	rpc/grpc_client.go:175	check tls config %!(EXTRA *constant.TLSConfig=&{false false false    })
2026-01-27T16:11:14.982+0800	INFO	rpc/grpc_client.go:180	try to get tls config from env
2026-01-27T16:11:14.982+0800	INFO	rpc/grpc_client.go:189	 tls config from env is not enable
2026-01-27T16:11:15.011+0800	WARN	rpc/rpc_client.go:329	[RpcClient.Start] 7b5607b5-8562-4d8a-9ec2-5fcd41369ffe fail to connect to server on start up, error message=server check request failed , err:rpc error: code = Unavailable desc = connection error: desc = "error reading server preface: EOF", start up retry times left=0
2026-01-27T16:11:15.011+0800	INFO	rpc/rpc_client.go:427	7b5607b5-8562-4d8a-9ec2-5fcd41369ffe try to re connect to a new server, server is not appointed, will choose a random server.
2026-01-27T16:11:15.011+0800	INFO	rpc/grpc_client.go:175	check tls config %!(EXTRA *constant.TLSConfig=&{false false false    })
2026-01-27T16:11:15.011+0800	INFO	rpc/grpc_client.go:180	try to get tls config from env
2026-01-27T16:11:15.011+0800	INFO	rpc/grpc_client.go:189	 tls config from env is not enable
2026-01-27T16:11:15.037+0800	INFO	rpc/grpc_client.go:175	check tls config %!(EXTRA *constant.TLSConfig=&{false false false    })
2026-01-27T16:11:15.037+0800	INFO	rpc/grpc_client.go:180	try to get tls config from env
2026-01-27T16:11:15.037+0800	INFO	rpc/grpc_client.go:189	 tls config from env is not enable
2026-01-27T16:11:15.064+0800	WARN	rpc/rpc_client.go:458	7b5607b5-8562-4d8a-9ec2-5fcd41369ffe fail to connect server, after trying 1 times, last try server is {serverIp:zf.zngue.com serverPort:48848 serverGrpcPort:49848}, error=server check request failed , err:rpc error: code = Unavailable desc = connection error: desc = "error reading server preface: EOF"
2026-01-27T16:11:15.165+0800	INFO	rpc/grpc_client.go:175	check tls config %!(EXTRA *constant.TLSConfig=&{false false false    })
2026-01-27T16:11:15.166+0800	INFO	rpc/grpc_client.go:180	try to get tls config from env
2026-01-27T16:11:15.166+0800	INFO	rpc/grpc_client.go:189	 tls config from env is not enable
2026-01-27T16:11:15.191+0800	WARN	rpc/rpc_client.go:458	7b5607b5-8562-4d8a-9ec2-5fcd41369ffe fail to connect server, after trying 2 times, last try server is {serverIp:zf.zngue.com serverPort:48848 serverGrpcPort:49848}, error=server check request failed , err:rpc error: code = Unavailable desc = connection error: desc = "error reading server preface: read tcp 192.168.1.21:63075->42.193.55.92:49848: read: connection reset by peer"
2026-01-27T16:11:15.392+0800	INFO	rpc/grpc_client.go:175	check tls config %!(EXTRA *constant.TLSConfig=&{false false false    })
2026-01-27T16:11:15.392+0800	INFO	rpc/grpc_client.go:180	try to get tls config from env
2026-01-27T16:11:15.392+0800	INFO	rpc/grpc_client.go:189	 tls config from env is not enable
2026-01-27T16:11:15.419+0800	WARN	rpc/rpc_client.go:458	7b5607b5-8562-4d8a-9ec2-5fcd41369ffe fail to connect server, after trying 3 times, last try server is {serverIp:zf.zngue.com serverPort:48848 serverGrpcPort:49848}, error=server check request failed , err:rpc error: code = Unavailable desc = connection error: desc = "error reading server preface: EOF"
2026-01-27T16:11:15.720+0800	INFO	rpc/grpc_client.go:175	check tls config %!(EXTRA *constant.TLSConfig=&{false false false    })
2026-01-27T16:11:15.720+0800	INFO	rpc/grpc_client.go:180	try to get tls config from env
2026-01-27T16:11:15.720+0800	INFO	rpc/grpc_client.go:189	 tls config from env is not enable
2026-01-27T16:11:15.750+0800	WARN	rpc/rpc_client.go:458	7b5607b5-8562-4d8a-9ec2-5fcd41369ffe fail to connect server, after trying 4 times, last try server is {serverIp:zf.zngue.com serverPort:48848 serverGrpcPort:49848}, error=server check request failed , err:rpc error: code = Unavailable desc = connection error: desc = "error reading server preface: EOF"
2026-01-27T16:11:16.152+0800	INFO	rpc/grpc_client.go:175	check tls config %!(EXTRA *constant.TLSConfig=&{false false false    })
2026-01-27T16:11:16.152+0800	INFO	rpc/grpc_client.go:180	try to get tls config from env
2026-01-27T16:11:16.152+0800	INFO	rpc/grpc_client.go:189	 tls config from env is not enable
2026-01-27T16:11:16.184+0800	WARN	rpc/rpc_client.go:458	7b5607b5-8562-4d8a-9ec2-5fcd41369ffe fail to connect server, after trying 5 times, last try server is {serverIp:zf.zngue.com serverPort:48848 serverGrpcPort:49848}, error=server check request failed , err:rpc error: code = Unavailable desc = connection error: desc = "error reading server preface: EOF"
2026-01-27T16:11:16.685+0800	INFO	rpc/grpc_client.go:175	check tls config %!(EXTRA *constant.TLSConfig=&{false false false    })
2026-01-27T16:11:16.685+0800	INFO	rpc/grpc_client.go:180	try to get tls config from env
2026-01-27T16:11:16.685+0800	INFO	rpc/grpc_client.go:189	 tls config from env is not enable
2026-01-27T16:11:16.717+0800	WARN	rpc/rpc_client.go:458	7b5607b5-8562-4d8a-9ec2-5fcd41369ffe fail to connect server, after trying 6 times, last try server is {serverIp:zf.zngue.com serverPort:48848 serverGrpcPort:49848}, error=server check request failed , err:rpc error: code = Unavailable desc = connection error: desc = "error reading server preface: EOF"
2026-01-27T16:11:17.319+0800	INFO	rpc/grpc_client.go:175	check tls config %!(EXTRA *constant.TLSConfig=&{false false false    })
2026-01-27T16:11:17.319+0800	INFO	rpc/grpc_client.go:180	try to get tls config from env
2026-01-27T16:11:17.319+0800	INFO	rpc/grpc_client.go:189	 tls config from env is not enable
2026-01-27T16:11:17.349+0800	WARN	rpc/rpc_client.go:458	7b5607b5-8562-4d8a-9ec2-5fcd41369ffe fail to connect server, after trying 7 times, last try server is {serverIp:zf.zngue.com serverPort:48848 serverGrpcPort:49848}, error=server check request failed , err:rpc error: code = Unavailable desc = connection error: desc = "error reading server preface: read tcp 192.168.1.21:63099->42.193.55.92:49848: read: connection reset by peer"
2026-01-27T16:11:18.051+0800	INFO	rpc/grpc_client.go:175	check tls config %!(EXTRA *constant.TLSConfig=&{false false false    })
2026-01-27T16:11:18.051+0800	INFO	rpc/grpc_client.go:180	try to get tls config from env
2026-01-27T16:11:18.051+0800	INFO	rpc/grpc_client.go:189	 tls config from env is not enable
2026-01-27T16:11:18.084+0800	WARN	rpc/rpc_client.go:458	7b5607b5-8562-4d8a-9ec2-5fcd41369ffe fail to connect server, after trying 8 times, last try server is {serverIp:zf.zngue.com serverPort:48848 serverGrpcPort:49848}, error=server check request failed , err:rpc error: code = Unavailable desc = connection error: desc = "error reading server preface: read tcp 192.168.1.21:63103->42.193.55.92:49848: read: connection reset by peer"
2026-01-27T16:11:18.885+0800	INFO	rpc/grpc_client.go:175	check tls config %!(EXTRA *constant.TLSConfig=&{false false false    })
2026-01-27T16:11:18.885+0800	INFO	rpc/grpc_client.go:180	try to get tls config from env
2026-01-27T16:11:18.885+0800	INFO	rpc/grpc_client.go:189	 tls config from env is not enable
2026-01-27T16:11:18.921+0800	WARN	rpc/rpc_client.go:458	7b5607b5-8562-4d8a-9ec2-5fcd41369ffe fail to connect server, after trying 9 times, last try server is {serverIp:zf.zngue.com serverPort:48848 serverGrpcPort:49848}, error=server check request failed , err:rpc error: code = Unavailable desc = connection error: desc = "error reading server preface: EOF"
2026-01-27T16:11:19.822+0800	INFO	rpc/grpc_client.go:175	check tls config %!(EXTRA *constant.TLSConfig=&{false false false    })
2026-01-27T16:11:19.822+0800	INFO	rpc/grpc_client.go:180	try to get tls config from env
2026-01-27T16:11:19.822+0800	INFO	rpc/grpc_client.go:189	 tls config from env is not enable
2026-01-27T16:11:19.852+0800	WARN	rpc/rpc_client.go:458	7b5607b5-8562-4d8a-9ec2-5fcd41369ffe fail to connect server, after trying 10 times, last try server is {serverIp:zf.zngue.com serverPort:48848 serverGrpcPort:49848}, error=server check request failed , err:rpc error: code = Unavailable desc = connection error: desc = "error reading server preface: EOF"
2026-01-27T16:11:20.853+0800	INFO	rpc/grpc_client.go:175	check tls config %!(EXTRA *constant.TLSConfig=&{false false false    })
2026-01-27T16:11:20.853+0800	INFO	rpc/grpc_client.go:180	try to get tls config from env
2026-01-27T16:11:20.855+0800	INFO	rpc/grpc_client.go:189	 tls config from env is not enable
2026-01-27T16:11:20.893+0800	WARN	rpc/rpc_client.go:458	7b5607b5-8562-4d8a-9ec2-5fcd41369ffe fail to connect server, after trying 11 times, last try server is {serverIp:zf.zngue.com serverPort:48848 serverGrpcPort:49848}, error=server check request failed , err:rpc error: code = Unavailable desc = connection error: desc = "error reading server preface: EOF"
2026-01-27T16:11:21.994+0800	INFO	rpc/grpc_client.go:175	check tls config %!(EXTRA *constant.TLSConfig=&{false false false    })
2026-01-27T16:11:21.995+0800	INFO	rpc/grpc_client.go:180	try to get tls config from env
2026-01-27T16:11:21.995+0800	INFO	rpc/grpc_client.go:189	 tls config from env is not enable
2026-01-27T16:11:22.026+0800	WARN	rpc/rpc_client.go:458	7b5607b5-8562-4d8a-9ec2-5fcd41369ffe fail to connect server, after trying 12 times, last try server is {serverIp:zf.zngue.com serverPort:48848 serverGrpcPort:49848}, error=server check request failed , err:rpc error: code = Unavailable desc = connection error: desc = "error reading server preface: EOF"
2026-01-27T16:11:23.228+0800	INFO	rpc/grpc_client.go:175	check tls config %!(EXTRA *constant.TLSConfig=&{false false false    })
2026-01-27T16:11:23.228+0800	INFO	rpc/grpc_client.go:180	try to get tls config from env
2026-01-27T16:11:23.228+0800	INFO	rpc/grpc_client.go:189	 tls config from env is not enable
2026-01-27T16:11:23.260+0800	WARN	rpc/rpc_client.go:458	7b5607b5-8562-4d8a-9ec2-5fcd41369ffe fail to connect server, after trying 13 times, last try server is {serverIp:zf.zngue.com serverPort:48848 serverGrpcPort:49848}, error=server check request failed , err:rpc error: code = Unavailable desc = connection error: desc = "error reading server preface: EOF"
2026-01-27T16:11:24.563+0800	INFO	rpc/grpc_client.go:175	check tls config %!(EXTRA *constant.TLSConfig=&{false false false    })
2026-01-27T16:11:24.563+0800	INFO	rpc/grpc_client.go:180	try to get tls config from env
2026-01-27T16:11:24.563+0800	INFO	rpc/grpc_client.go:189	 tls config from env is not enable
2026-01-27T16:11:24.596+0800	WARN	rpc/rpc_client.go:458	7b5607b5-8562-4d8a-9ec2-5fcd41369ffe fail to connect server, after trying 14 times, last try server is {serverIp:zf.zngue.com serverPort:48848 serverGrpcPort:49848}, error=server check request failed , err:rpc error: code = Unavailable desc = connection error: desc = "error reading server preface: read tcp 192.168.1.21:63167->42.193.55.92:49848: read: connection reset by peer"
2026-01-27T16:11:25.997+0800	INFO	rpc/grpc_client.go:175	check tls config %!(EXTRA *constant.TLSConfig=&{false false false    })
2026-01-27T16:11:25.997+0800	INFO	rpc/grpc_client.go:180	try to get tls config from env
2026-01-27T16:11:25.997+0800	INFO	rpc/grpc_client.go:189	 tls config from env is not enable
2026-01-27T16:11:26.034+0800	WARN	rpc/rpc_client.go:458	7b5607b5-8562-4d8a-9ec2-5fcd41369ffe fail to connect server, after trying 15 times, last try server is {serverIp:zf.zngue.com serverPort:48848 serverGrpcPort:49848}, error=server check request failed , err:rpc error: code = Unavailable desc = connection error: desc = "error reading server preface: EOF"
2026-01-27T16:11:27.535+0800	INFO	rpc/grpc_client.go:175	check tls config %!(EXTRA *constant.TLSConfig=&{false false false    })
2026-01-27T16:11:27.535+0800	INFO	rpc/grpc_client.go:180	try to get tls config from env
2026-01-27T16:11:27.535+0800	INFO	rpc/grpc_client.go:189	 tls config from env is not enable
2026-01-27T16:11:27.571+0800	WARN	rpc/rpc_client.go:458	7b5607b5-8562-4d8a-9ec2-5fcd41369ffe fail to connect server, after trying 16 times, last try server is {serverIp:zf.zngue.com serverPort:48848 serverGrpcPort:49848}, error=server check request failed , err:rpc error: code = Unavailable desc = connection error: desc = "error reading server preface: EOF"
2026-01-27T16:11:29.173+0800	INFO	rpc/grpc_client.go:175	check tls config %!(EXTRA *constant.TLSConfig=&{false false false    })
2026-01-27T16:11:29.173+0800	INFO	rpc/grpc_client.go:180	try to get tls config from env
2026-01-27T16:11:29.173+0800	INFO	rpc/grpc_client.go:189	 tls config from env is not enable
2026-01-27T16:11:29.203+0800	WARN	rpc/rpc_client.go:458	7b5607b5-8562-4d8a-9ec2-5fcd41369ffe fail to connect server, after trying 17 times, last try server is {serverIp:zf.zngue.com serverPort:48848 serverGrpcPort:49848}, error=server check request failed , err:rpc error: code = Unavailable desc = connection error: desc = "error reading server preface: EOF"
2026-01-27T16:11:30.904+0800	INFO	rpc/grpc_client.go:175	check tls config %!(EXTRA *constant.TLSConfig=&{false false false    })
2026-01-27T16:11:30.905+0800	INFO	rpc/grpc_client.go:180	try to get tls config from env
2026-01-27T16:11:30.905+0800	INFO	rpc/grpc_client.go:189	 tls config from env is not enable
2026-01-27T16:11:30.936+0800	WARN	rpc/rpc_client.go:458	7b5607b5-8562-4d8a-9ec2-5fcd41369ffe fail to connect server, after trying 18 times, last try server is {serverIp:zf.zngue.com serverPort:48848 serverGrpcPort:49848}, error=server check request failed , err:rpc error: code = Unavailable desc = connection error: desc = "error reading server preface: read tcp 192.168.1.21:63217->42.193.55.92:49848: read: connection reset by peer"
2026-01-27T16:11:32.739+0800	INFO	rpc/grpc_client.go:175	check tls config %!(EXTRA *constant.TLSConfig=&{false false false    })
2026-01-27T16:11:32.739+0800	INFO	rpc/grpc_client.go:180	try to get tls config from env
2026-01-27T16:11:32.739+0800	INFO	rpc/grpc_client.go:189	 tls config from env is not enable
2026-01-27T16:11:32.777+0800	WARN	rpc/rpc_client.go:458	7b5607b5-8562-4d8a-9ec2-5fcd41369ffe fail to connect server, after trying 19 times, last try server is {serverIp:zf.zngue.com serverPort:48848 serverGrpcPort:49848}, error=server check request failed , err:rpc error: code = Unavailable desc = connection error: desc = "error reading server preface: EOF"
2026-01-27T16:11:34.678+0800	INFO	rpc/grpc_client.go:175	check tls config %!(EXTRA *constant.TLSConfig=&{false false false    })
2026-01-27T16:11:34.678+0800	INFO	rpc/grpc_client.go:180	try to get tls config from env
2026-01-27T16:11:34.678+0800	INFO	rpc/grpc_client.go:189	 tls config from env is not enable
2026-01-27T16:11:34.706+0800	WARN	rpc/rpc_client.go:458	7b5607b5-8562-4d8a-9ec2-5fcd41369ffe fail to connect server, after trying 20 times, last try server is {serverIp:zf.zngue.com serverPort:48848 serverGrpcPort:49848}, error=server check request failed , err:rpc error: code = Unavailable desc = connection error: desc = "error reading server preface: EOF"
2026-01-27T16:13:02.973+0800	ERROR	cache/disk_cache.go:75	read cacheDir:/Users/zngue/www/go/zng_go/zng_app/cache/naming/develop failed!err:open /Users/zngue/www/go/zng_go/zng_app/cache/naming/develop: no such file or directory
2026-01-27T16:13:02.974+0800	INFO	naming_http/push_receiver.go:89	udp server start, port: 55713
2026-01-27T16:13:02.974+0800	INFO	rpc/rpc_client.go:157	init rpc client for name %!(EXTRA string=a32acead-40a0-4dc3-a755-21f431ce455a)
2026-01-27T16:13:02.974+0800	INFO	rpc/rpc_client.go:166	get app conn labels from client config map[] 
2026-01-27T16:13:02.974+0800	INFO	rpc/rpc_client.go:168	get app conn labels from env map[] 
2026-01-27T16:13:02.974+0800	INFO	rpc/rpc_client.go:171	final app conn labels : map[] 
2026-01-27T16:13:02.974+0800	INFO	rpc/rpc_client.go:327	[RpcClient.Start] a32acead-40a0-4dc3-a755-21f431ce455a try to connect to server on start up, server: {serverIp:42.193.55.92 serverPort:48848 serverGrpcPort:49848}
2026-01-27T16:13:02.974+0800	INFO	rpc/grpc_client.go:175	check tls config %!(EXTRA *constant.TLSConfig=&{false false false    })
2026-01-27T16:13:02.974+0800	INFO	rpc/grpc_client.go:180	try to get tls config from env
2026-01-27T16:13:02.974+0800	INFO	rpc/grpc_client.go:189	 tls config from env is not enable
2026-01-27T16:13:02.975+0800	INFO	util/common.go:96	Local IP:169.254.131.38
2026-01-27T16:13:03.006+0800	WARN	rpc/rpc_client.go:329	[RpcClient.Start] a32acead-40a0-4dc3-a755-21f431ce455a fail to connect to server on start up, error message=server check request failed , err:rpc error: code = Unavailable desc = connection error: desc = "error reading server preface: EOF", start up retry times left=2
2026-01-27T16:13:03.006+0800	INFO	rpc/rpc_client.go:327	[RpcClient.Start] a32acead-40a0-4dc3-a755-21f431ce455a try to connect to server on start up, server: {serverIp:42.193.55.92 serverPort:48848 serverGrpcPort:49848}
2026-01-27T16:13:03.006+0800	INFO	rpc/grpc_client.go:175	check tls config %!(EXTRA *constant.TLSConfig=&{false false false    })
2026-01-27T16:13:03.006+0800	INFO	rpc/grpc_client.go:180	try to get tls config from env
2026-01-27T16:13:03.006+0800	INFO	rpc/grpc_client.go:189	 tls config from env is not enable
2026-01-27T16:13:03.030+0800	WARN	rpc/rpc_client.go:329	[RpcClient.Start] a32acead-40a0-4dc3-a755-21f431ce455a fail to connect to server on start up, error message=server check request failed , err:rpc error: code = Unavailable desc = connection error: desc = "error reading server preface: EOF", start up retry times left=1
2026-01-27T16:13:03.030+0800	INFO	rpc/rpc_client.go:327	[RpcClient.Start] a32acead-40a0-4dc3-a755-21f431ce455a try to connect to server on start up, server: {serverIp:42.193.55.92 serverPort:48848 serverGrpcPort:49848}
2026-01-27T16:13:03.031+0800	INFO	rpc/grpc_client.go:175	check tls config %!(EXTRA *constant.TLSConfig=&{false false false    })
2026-01-27T16:13:03.031+0800	INFO	rpc/grpc_client.go:180	try to get tls config from env
2026-01-27T16:13:03.031+0800	INFO	rpc/grpc_client.go:189	 tls config from env is not enable
2026-01-27T16:13:03.061+0800	WARN	rpc/rpc_client.go:329	[RpcClient.Start] a32acead-40a0-4dc3-a755-21f431ce455a fail to connect to server on start up, error message=server check request failed , err:rpc error: code = Unavailable desc = connection error: desc = "error reading server preface: read tcp 192.168.1.21:63936->42.193.55.92:49848: read: connection reset by peer", start up retry times left=0
2026-01-27T16:13:03.062+0800	INFO	rpc/rpc_client.go:427	a32acead-40a0-4dc3-a755-21f431ce455a try to re connect to a new server, server is not appointed, will choose a random server.
2026-01-27T16:13:03.062+0800	INFO	rpc/grpc_client.go:175	check tls config %!(EXTRA *constant.TLSConfig=&{false false false    })
2026-01-27T16:13:03.062+0800	INFO	rpc/grpc_client.go:180	try to get tls config from env
2026-01-27T16:13:03.062+0800	INFO	rpc/grpc_client.go:189	 tls config from env is not enable
2026-01-27T16:13:03.085+0800	INFO	rpc/grpc_client.go:175	check tls config %!(EXTRA *constant.TLSConfig=&{false false false    })
2026-01-27T16:13:03.085+0800	INFO	rpc/grpc_client.go:180	try to get tls config from env
2026-01-27T16:13:03.085+0800	INFO	rpc/grpc_client.go:189	 tls config from env is not enable
2026-01-27T16:13:03.114+0800	WARN	rpc/rpc_client.go:458	a32acead-40a0-4dc3-a755-21f431ce455a fail to connect server, after trying 1 times, last try server is {serverIp:42.193.55.92 serverPort:48848 serverGrpcPort:49848}, error=server check request failed , err:rpc error: code = Unavailable desc = connection error: desc = "error reading server preface: EOF"
2026-01-27T16:13:03.215+0800	INFO	rpc/grpc_client.go:175	check tls config %!(EXTRA *constant.TLSConfig=&{false false false    })
2026-01-27T16:13:03.215+0800	INFO	rpc/grpc_client.go:180	try to get tls config from env
2026-01-27T16:13:03.215+0800	INFO	rpc/grpc_client.go:189	 tls config from env is not enable
2026-01-27T16:13:03.242+0800	WARN	rpc/rpc_client.go:458	a32acead-40a0-4dc3-a755-21f431ce455a fail to connect server, after trying 2 times, last try server is {serverIp:42.193.55.92 serverPort:48848 serverGrpcPort:49848}, error=server check request failed , err:rpc error: code = Unavailable desc = connection error: desc = "error reading server preface: read tcp 192.168.1.21:63939->42.193.55.92:49848: read: connection reset by peer"
2026-01-27T16:13:03.442+0800	INFO	rpc/grpc_client.go:175	check tls config %!(EXTRA *constant.TLSConfig=&{false false false    })
2026-01-27T16:13:03.443+0800	INFO	rpc/grpc_client.go:180	try to get tls config from env
2026-01-27T16:13:03.443+0800	INFO	rpc/grpc_client.go:189	 tls config from env is not enable
2026-01-27T16:13:03.470+0800	WARN	rpc/rpc_client.go:458	a32acead-40a0-4dc3-a755-21f431ce455a fail to connect server, after trying 3 times, last try server is {serverIp:42.193.55.92 serverPort:48848 serverGrpcPort:49848}, error=server check request failed , err:rpc error: code = Unavailable desc = connection error: desc = "error reading server preface: EOF"
2026-01-27T16:13:03.771+0800	INFO	rpc/grpc_client.go:175	check tls config %!(EXTRA *constant.TLSConfig=&{false false false    })
2026-01-27T16:13:03.771+0800	INFO	rpc/grpc_client.go:180	try to get tls config from env
2026-01-27T16:13:03.772+0800	INFO	rpc/grpc_client.go:189	 tls config from env is not enable
2026-01-27T16:13:03.801+0800	WARN	rpc/rpc_client.go:458	a32acead-40a0-4dc3-a755-21f431ce455a fail to connect server, after trying 4 times, last try server is {serverIp:42.193.55.92 serverPort:48848 serverGrpcPort:49848}, error=server check request failed , err:rpc error: code = Unavailable desc = connection error: desc = "error reading server preface: EOF"
2026-01-27T16:13:04.203+0800	INFO	rpc/grpc_client.go:175	check tls config %!(EXTRA *constant.TLSConfig=&{false false false    })
2026-01-27T16:13:04.203+0800	INFO	rpc/grpc_client.go:180	try to get tls config from env
2026-01-27T16:13:04.203+0800	INFO	rpc/grpc_client.go:189	 tls config from env is not enable
2026-01-27T16:13:04.231+0800	WARN	rpc/rpc_client.go:458	a32acead-40a0-4dc3-a755-21f431ce455a fail to connect server, after trying 5 times, last try server is {serverIp:42.193.55.92 serverPort:48848 serverGrpcPort:49848}, error=server check request failed , err:rpc error: code = Unavailable desc = connection error: desc = "error reading server preface: read tcp 192.168.1.21:63955->42.193.55.92:49848: read: connection reset by peer"
2026-01-27T16:13:04.732+0800	INFO	rpc/grpc_client.go:175	check tls config %!(EXTRA *constant.TLSConfig=&{false false false    })
2026-01-27T16:13:04.732+0800	INFO	rpc/grpc_client.go:180	try to get tls config from env
2026-01-27T16:13:04.733+0800	INFO	rpc/grpc_client.go:189	 tls config from env is not enable
2026-01-27T16:13:04.763+0800	WARN	rpc/rpc_client.go:458	a32acead-40a0-4dc3-a755-21f431ce455a fail to connect server, after trying 6 times, last try server is {serverIp:42.193.55.92 serverPort:48848 serverGrpcPort:49848}, error=server check request failed , err:rpc error: code = Unavailable desc = connection error: desc = "error reading server preface: read tcp 192.168.1.21:63962->42.193.55.92:49848: read: connection reset by peer"
2026-01-27T16:13:05.364+0800	INFO	rpc/grpc_client.go:175	check tls config %!(EXTRA *constant.TLSConfig=&{false false false    })
2026-01-27T16:13:05.367+0800	INFO	rpc/grpc_client.go:180	try to get tls config from env
2026-01-27T16:13:05.368+0800	INFO	rpc/grpc_client.go:189	 tls config from env is not enable
2026-01-27T16:13:05.400+0800	WARN	rpc/rpc_client.go:458	a32acead-40a0-4dc3-a755-21f431ce455a fail to connect server, after trying 7 times, last try server is {serverIp:42.193.55.92 serverPort:48848 serverGrpcPort:49848}, error=server check request failed , err:rpc error: code = Unavailable desc = connection error: desc = "error reading server preface: read tcp 192.168.1.21:63966->42.193.55.92:49848: read: connection reset by peer"
2026-01-27T16:13:06.101+0800	INFO	rpc/grpc_client.go:175	check tls config %!(EXTRA *constant.TLSConfig=&{false false false    })
2026-01-27T16:13:06.101+0800	INFO	rpc/grpc_client.go:180	try to get tls config from env
2026-01-27T16:13:06.102+0800	INFO	rpc/grpc_client.go:189	 tls config from env is not enable
2026-01-27T16:13:06.132+0800	WARN	rpc/rpc_client.go:458	a32acead-40a0-4dc3-a755-21f431ce455a fail to connect server, after trying 8 times, last try server is {serverIp:42.193.55.92 serverPort:48848 serverGrpcPort:49848}, error=server check request failed , err:rpc error: code = Unavailable desc = connection error: desc = "error reading server preface: read tcp 192.168.1.21:63972->42.193.55.92:49848: read: connection reset by peer"
2026-01-27T16:13:06.933+0800	INFO	rpc/grpc_client.go:175	check tls config %!(EXTRA *constant.TLSConfig=&{false false false    })
2026-01-27T16:13:06.934+0800	INFO	rpc/grpc_client.go:180	try to get tls config from env
2026-01-27T16:13:06.934+0800	INFO	rpc/grpc_client.go:189	 tls config from env is not enable
2026-01-27T16:13:06.963+0800	WARN	rpc/rpc_client.go:458	a32acead-40a0-4dc3-a755-21f431ce455a fail to connect server, after trying 9 times, last try server is {serverIp:42.193.55.92 serverPort:48848 serverGrpcPort:49848}, error=server check request failed , err:rpc error: code = Unavailable desc = connection error: desc = "error reading server preface: read tcp 192.168.1.21:63980->42.193.55.92:49848: read: connection reset by peer"
2026-01-27T16:13:07.866+0800	INFO	rpc/grpc_client.go:175	check tls config %!(EXTRA *constant.TLSConfig=&{false false false    })
2026-01-27T16:13:07.866+0800	INFO	rpc/grpc_client.go:180	try to get tls config from env
2026-01-27T16:13:07.866+0800	INFO	rpc/grpc_client.go:189	 tls config from env is not enable
2026-01-27T16:13:07.892+0800	WARN	rpc/rpc_client.go:458	a32acead-40a0-4dc3-a755-21f431ce455a fail to connect server, after trying 10 times, last try server is {serverIp:42.193.55.92 serverPort:48848 serverGrpcPort:49848}, error=server check request failed , err:rpc error: code = Unavailable desc = connection error: desc = "error reading server preface: EOF"
2026-01-27T16:13:08.893+0800	INFO	rpc/grpc_client.go:175	check tls config %!(EXTRA *constant.TLSConfig=&{false false false    })
2026-01-27T16:13:08.893+0800	INFO	rpc/grpc_client.go:180	try to get tls config from env
2026-01-27T16:13:08.893+0800	INFO	rpc/grpc_client.go:189	 tls config from env is not enable
2026-01-27T16:13:08.917+0800	WARN	rpc/rpc_client.go:458	a32acead-40a0-4dc3-a755-21f431ce455a fail to connect server, after trying 11 times, last try server is {serverIp:42.193.55.92 serverPort:48848 serverGrpcPort:49848}, error=server check request failed , err:rpc error: code = Unavailable desc = connection error: desc = "error reading server preface: read tcp 192.168.1.21:64000->42.193.55.92:49848: read: connection reset by peer"
2026-01-27T16:13:10.018+0800	INFO	rpc/grpc_client.go:175	check tls config %!(EXTRA *constant.TLSConfig=&{false false false    })
2026-01-27T16:13:10.019+0800	INFO	rpc/grpc_client.go:180	try to get tls config from env
2026-01-27T16:13:10.019+0800	INFO	rpc/grpc_client.go:189	 tls config from env is not enable
2026-01-27T16:13:10.054+0800	WARN	rpc/rpc_client.go:458	a32acead-40a0-4dc3-a755-21f431ce455a fail to connect server, after trying 12 times, last try server is {serverIp:42.193.55.92 serverPort:48848 serverGrpcPort:49848}, error=server check request failed , err:rpc error: code = Unavailable desc = connection error: desc = "error reading server preface: EOF"
2026-01-27T16:13:11.255+0800	INFO	rpc/grpc_client.go:175	check tls config %!(EXTRA *constant.TLSConfig=&{false false false    })
2026-01-27T16:13:11.255+0800	INFO	rpc/grpc_client.go:180	try to get tls config from env
2026-01-27T16:13:11.255+0800	INFO	rpc/grpc_client.go:189	 tls config from env is not enable
2026-01-27T16:13:11.282+0800	WARN	rpc/rpc_client.go:458	a32acead-40a0-4dc3-a755-21f431ce455a fail to connect server, after trying 13 times, last try server is {serverIp:42.193.55.92 serverPort:48848 serverGrpcPort:49848}, error=server check request failed , err:rpc error: code = Unavailable desc = connection error: desc = "error reading server preface: EOF"
2026-01-27T16:13:12.584+0800	INFO	rpc/grpc_client.go:175	check tls config %!(EXTRA *constant.TLSConfig=&{false false false    })
2026-01-27T16:13:12.584+0800	INFO	rpc/grpc_client.go:180	try to get tls config from env
2026-01-27T16:13:12.584+0800	INFO	rpc/grpc_client.go:189	 tls config from env is not enable
2026-01-27T16:13:12.617+0800	WARN	rpc/rpc_client.go:458	a32acead-40a0-4dc3-a755-21f431ce455a fail to connect server, after trying 14 times, last try server is {serverIp:42.193.55.92 serverPort:48848 serverGrpcPort:49848}, error=server check request failed , err:rpc error: code = Unavailable desc = connection error: desc = "error reading server preface: EOF"
2026-01-27T16:13:14.018+0800	INFO	rpc/grpc_client.go:175	check tls config %!(EXTRA *constant.TLSConfig=&{false false false    })
2026-01-27T16:13:14.018+0800	INFO	rpc/grpc_client.go:180	try to get tls config from env
2026-01-27T16:13:14.018+0800	INFO	rpc/grpc_client.go:189	 tls config from env is not enable
2026-01-27T16:13:14.053+0800	WARN	rpc/rpc_client.go:458	a32acead-40a0-4dc3-a755-21f431ce455a fail to connect server, after trying 15 times, last try server is {serverIp:42.193.55.92 serverPort:48848 serverGrpcPort:49848}, error=server check request failed , err:rpc error: code = Unavailable desc = connection error: desc = "error reading server preface: EOF"
2026-01-27T16:13:15.554+0800	INFO	rpc/grpc_client.go:175	check tls config %!(EXTRA *constant.TLSConfig=&{false false false    })
2026-01-27T16:13:15.554+0800	INFO	rpc/grpc_client.go:180	try to get tls config from env
2026-01-27T16:13:15.554+0800	INFO	rpc/grpc_client.go:189	 tls config from env is not enable
2026-01-27T16:13:15.588+0800	WARN	rpc/rpc_client.go:458	a32acead-40a0-4dc3-a755-21f431ce455a fail to connect server, after trying 16 times, last try server is {serverIp:42.193.55.92 serverPort:48848 serverGrpcPort:49848}, error=server check request failed , err:rpc error: code = Unavailable desc = connection error: desc = "error reading server preface: read tcp 192.168.1.21:64048->42.193.55.92:49848: read: connection reset by peer"
2026-01-27T16:13:17.190+0800	INFO	rpc/grpc_client.go:175	check tls config %!(EXTRA *constant.TLSConfig=&{false false false    })
2026-01-27T16:13:17.190+0800	INFO	rpc/grpc_client.go:180	try to get tls config from env
2026-01-27T16:13:17.190+0800	INFO	rpc/grpc_client.go:189	 tls config from env is not enable
2026-01-27T16:13:17.221+0800	WARN	rpc/rpc_client.go:458	a32acead-40a0-4dc3-a755-21f431ce455a fail to connect server, after trying 17 times, last try server is {serverIp:42.193.55.92 serverPort:48848 serverGrpcPort:49848}, error=server check request failed , err:rpc error: code = Unavailable desc = connection error: desc = "error reading server preface: read tcp 192.168.1.21:64062->42.193.55.92:49848: read: connection reset by peer"
2026-01-27T16:13:18.922+0800	INFO	rpc/grpc_client.go:175	check tls config %!(EXTRA *constant.TLSConfig=&{false false false    })
2026-01-27T16:13:18.922+0800	INFO	rpc/grpc_client.go:180	try to get tls config from env
2026-01-27T16:13:18.922+0800	INFO	rpc/grpc_client.go:189	 tls config from env is not enable
2026-01-27T16:13:18.955+0800	WARN	rpc/rpc_client.go:458	a32acead-40a0-4dc3-a755-21f431ce455a fail to connect server, after trying 18 times, last try server is {serverIp:42.193.55.92 serverPort:48848 serverGrpcPort:49848}, error=server check request failed , err:rpc error: code = Unavailable desc = connection error: desc = "error reading server preface: read tcp 192.168.1.21:64074->42.193.55.92:49848: read: connection reset by peer"
2026-01-27T16:13:20.758+0800	INFO	rpc/grpc_client.go:175	check tls config %!(EXTRA *constant.TLSConfig=&{false false false    })
2026-01-27T16:13:20.758+0800	INFO	rpc/grpc_client.go:180	try to get tls config from env
2026-01-27T16:13:20.758+0800	INFO	rpc/grpc_client.go:189	 tls config from env is not enable
2026-01-27T16:13:20.790+0800	WARN	rpc/rpc_client.go:458	a32acead-40a0-4dc3-a755-21f431ce455a fail to connect server, after trying 19 times, last try server is {serverIp:42.193.55.92 serverPort:48848 serverGrpcPort:49848}, error=server check request failed , err:rpc error: code = Unavailable desc = connection error: desc = "error reading server preface: read tcp 192.168.1.21:64098->42.193.55.92:49848: read: connection reset by peer"
2026-01-27T16:13:22.691+0800	INFO	rpc/grpc_client.go:175	check tls config %!(EXTRA *constant.TLSConfig=&{false false false    })
2026-01-27T16:13:22.691+0800	INFO	rpc/grpc_client.go:180	try to get tls config from env
2026-01-27T16:13:22.691+0800	INFO	rpc/grpc_client.go:189	 tls config from env is not enable
2026-01-27T16:13:22.722+0800	WARN	rpc/rpc_client.go:458	a32acead-40a0-4dc3-a755-21f431ce455a fail to connect server, after trying 20 times, last try server is {serverIp:42.193.55.92 serverPort:48848 serverGrpcPort:49848}, error=server check request failed , err:rpc error: code = Unavailable desc = connection error: desc = "error reading server preface: EOF"
2026-01-27T16:13:26.547+0800	INFO	rpc/grpc_client.go:175	check tls config %!(EXTRA *constant.TLSConfig=&{false false false    })
2026-01-27T16:13:26.547+0800	INFO	rpc/grpc_client.go:180	try to get tls config from env
2026-01-27T16:13:26.547+0800	INFO	rpc/grpc_client.go:189	 tls config from env is not enable
2026-01-27T16:13:26.547+0800	INFO	naming_grpc/naming_grpc_proxy.go:95	register instance namespaceId:<develop>,serviceName:<user-service> with instance:<{"instanceId":"","ip":"192.168.1.21","port":9001,"weight":0,"healthy":true,"enabled":true,"ephemeral":true,"clusterName":"","serviceName":"","metadata":{},"instanceHeartBeatInterval":0,"ipDeleteTimeout":0,"instanceHeartBeatTimeOut":0}>
2026-01-27T16:13:26.547+0800	ERROR	rpc/rpc_client.go:630	Send request fail, request=InstanceRequest, body={"requestId":"","namespace":"develop","serviceName":"user-service","groupName":"test_user","module":"naming","type":"registerInstance","instance":{"instanceId":"","ip":"192.168.1.21","port":9001,"weight":0,"healthy":true,"enabled":true,"ephemeral":true,"clusterName":"","serviceName":"","metadata":{},"instanceHeartBeatInterval":0,"ipDeleteTimeout":0,"instanceHeartBeatTimeOut":0}}, retryTimes=0, error=client not connected, current status:STARTING
github.com/nacos-group/nacos-sdk-go/v2/common/remote/rpc.(*RpcClient).Request
	/Users/zngue/go/pkg/mod/github.com/nacos-group/nacos-sdk-go/v2@v2.3.5/common/remote/rpc/rpc_client.go:592
github.com/nacos-group/nacos-sdk-go/v2/clients/naming_client/naming_grpc.(*NamingGrpcProxy).requestToServer
	/Users/zngue/go/pkg/mod/github.com/nacos-group/nacos-sdk-go/v2@v2.3.5/clients/naming_client/naming_grpc/naming_grpc_proxy.go:88
github.com/nacos-group/nacos-sdk-go/v2/clients/naming_client/naming_grpc.(*NamingGrpcProxy).RegisterInstance
	/Users/zngue/go/pkg/mod/github.com/nacos-group/nacos-sdk-go/v2@v2.3.5/clients/naming_client/naming_grpc/naming_grpc_proxy.go:99
github.com/nacos-group/nacos-sdk-go/v2/clients/naming_client.(*NamingProxyDelegate).RegisterInstance
	/Users/zngue/go/pkg/mod/github.com/nacos-group/nacos-sdk-go/v2@v2.3.5/clients/naming_client/naming_proxy_delegate.go:92
github.com/nacos-group/nacos-sdk-go/v2/clients/naming_client.(*NamingClient).RegisterInstance
	/Users/zngue/go/pkg/mod/github.com/nacos-group/nacos-sdk-go/v2@v2.3.5/clients/naming_client/naming_client.go:125
github.com/zngue/zng_app/app/config/nacos.NewCenterOptions
	/Users/zngue/www/go/zng_go/zng_app/app/config/nacos/nacos.go:39
main.main
	/Users/zngue/www/go/zng_go/zng_app/cmd/user/main.go:10
runtime.main
	/opt/homebrew/Cellar/go/1.24.3/libexec/src/runtime/proc.go:283
runtime.goexit
	/opt/homebrew/Cellar/go/1.24.3/libexec/src/runtime/asm_arm64.s:1223
2026-01-27T16:13:26.586+0800	WARN	rpc/rpc_client.go:458	a32acead-40a0-4dc3-a755-21f431ce455a fail to connect server, after trying 21 times, last try server is {serverIp:42.193.55.92 serverPort:48848 serverGrpcPort:49848}, error=server check request failed , err:rpc error: code = Unavailable desc = connection error: desc = "error reading server preface: EOF"
2026-01-27T16:13:26.648+0800	ERROR	rpc/rpc_client.go:630	Send request fail, request=InstanceRequest, body={"requestId":"","namespace":"develop","serviceName":"user-service","groupName":"test_user","module":"naming","type":"registerInstance","instance":{"instanceId":"","ip":"192.168.1.21","port":9001,"weight":0,"healthy":true,"enabled":true,"ephemeral":true,"clusterName":"","serviceName":"","metadata":{},"instanceHeartBeatInterval":0,"ipDeleteTimeout":0,"instanceHeartBeatTimeOut":0}}, retryTimes=1, error=client not connected, current status:STARTING
github.com/nacos-group/nacos-sdk-go/v2/common/remote/rpc.(*RpcClient).Request
	/Users/zngue/go/pkg/mod/github.com/nacos-group/nacos-sdk-go/v2@v2.3.5/common/remote/rpc/rpc_client.go:592
github.com/nacos-group/nacos-sdk-go/v2/clients/naming_client/naming_grpc.(*NamingGrpcProxy).requestToServer
	/Users/zngue/go/pkg/mod/github.com/nacos-group/nacos-sdk-go/v2@v2.3.5/clients/naming_client/naming_grpc/naming_grpc_proxy.go:88
github.com/nacos-group/nacos-sdk-go/v2/clients/naming_client/naming_grpc.(*NamingGrpcProxy).RegisterInstance
	/Users/zngue/go/pkg/mod/github.com/nacos-group/nacos-sdk-go/v2@v2.3.5/clients/naming_client/naming_grpc/naming_grpc_proxy.go:99
github.com/nacos-group/nacos-sdk-go/v2/clients/naming_client.(*NamingProxyDelegate).RegisterInstance
	/Users/zngue/go/pkg/mod/github.com/nacos-group/nacos-sdk-go/v2@v2.3.5/clients/naming_client/naming_proxy_delegate.go:92
github.com/nacos-group/nacos-sdk-go/v2/clients/naming_client.(*NamingClient).RegisterInstance
	/Users/zngue/go/pkg/mod/github.com/nacos-group/nacos-sdk-go/v2@v2.3.5/clients/naming_client/naming_client.go:125
github.com/zngue/zng_app/app/config/nacos.NewCenterOptions
	/Users/zngue/www/go/zng_go/zng_app/app/config/nacos/nacos.go:39
main.main
	/Users/zngue/www/go/zng_go/zng_app/cmd/user/main.go:10
runtime.main
	/opt/homebrew/Cellar/go/1.24.3/libexec/src/runtime/proc.go:283
runtime.goexit
	/opt/homebrew/Cellar/go/1.24.3/libexec/src/runtime/asm_arm64.s:1223
2026-01-27T16:13:26.749+0800	ERROR	rpc/rpc_client.go:630	Send request fail, request=InstanceRequest, body={"requestId":"","namespace":"develop","serviceName":"user-service","groupName":"test_user","module":"naming","type":"registerInstance","instance":{"instanceId":"","ip":"192.168.1.21","port":9001,"weight":0,"healthy":true,"enabled":true,"ephemeral":true,"clusterName":"","serviceName":"","metadata":{},"instanceHeartBeatInterval":0,"ipDeleteTimeout":0,"instanceHeartBeatTimeOut":0}}, retryTimes=2, error=client not connected, current status:STARTING
github.com/nacos-group/nacos-sdk-go/v2/common/remote/rpc.(*RpcClient).Request
	/Users/zngue/go/pkg/mod/github.com/nacos-group/nacos-sdk-go/v2@v2.3.5/common/remote/rpc/rpc_client.go:592
github.com/nacos-group/nacos-sdk-go/v2/clients/naming_client/naming_grpc.(*NamingGrpcProxy).requestToServer
	/Users/zngue/go/pkg/mod/github.com/nacos-group/nacos-sdk-go/v2@v2.3.5/clients/naming_client/naming_grpc/naming_grpc_proxy.go:88
github.com/nacos-group/nacos-sdk-go/v2/clients/naming_client/naming_grpc.(*NamingGrpcProxy).RegisterInstance
	/Users/zngue/go/pkg/mod/github.com/nacos-group/nacos-sdk-go/v2@v2.3.5/clients/naming_client/naming_grpc/naming_grpc_proxy.go:99
github.com/nacos-group/nacos-sdk-go/v2/clients/naming_client.(*NamingProxyDelegate).RegisterInstance
	/Users/zngue/go/pkg/mod/github.com/nacos-group/nacos-sdk-go/v2@v2.3.5/clients/naming_client/naming_proxy_delegate.go:92
github.com/nacos-group/nacos-sdk-go/v2/clients/naming_client.(*NamingClient).RegisterInstance
	/Users/zngue/go/pkg/mod/github.com/nacos-group/nacos-sdk-go/v2@v2.3.5/clients/naming_client/naming_client.go:125
github.com/zngue/zng_app/app/config/nacos.NewCenterOptions
	/Users/zngue/www/go/zng_go/zng_app/app/config/nacos/nacos.go:39
main.main
	/Users/zngue/www/go/zng_go/zng_app/cmd/user/main.go:10
runtime.main
	/opt/homebrew/Cellar/go/1.24.3/libexec/src/runtime/proc.go:283
runtime.goexit
	/opt/homebrew/Cellar/go/1.24.3/libexec/src/runtime/asm_arm64.s:1223
2026-01-27T16:22:55.496+0800	INFO	naming_http/push_receiver.go:89	udp server start, port: 55266
2026-01-27T16:22:55.497+0800	INFO	rpc/rpc_client.go:157	init rpc client for name %!(EXTRA string=632493dc-9282-4b70-b420-a9ac6895836c)
2026-01-27T16:22:55.497+0800	INFO	rpc/rpc_client.go:166	get app conn labels from client config map[] 
2026-01-27T16:22:55.497+0800	INFO	rpc/rpc_client.go:168	get app conn labels from env map[] 
2026-01-27T16:22:55.497+0800	INFO	rpc/rpc_client.go:171	final app conn labels : map[] 
2026-01-27T16:22:55.497+0800	DEBUG	rpc/rpc_client.go:394	632493dc-9282-4b70-b420-a9ac6895836c register server push request:ConnectResetRequest handler:ConnectResetRequestHandler
2026-01-27T16:22:55.497+0800	DEBUG	rpc/rpc_client.go:394	632493dc-9282-4b70-b420-a9ac6895836c register server push request:ClientDetectionRequest handler:ClientDetectionRequestHandler
2026-01-27T16:22:55.497+0800	INFO	rpc/rpc_client.go:327	[RpcClient.Start] 632493dc-9282-4b70-b420-a9ac6895836c try to connect to server on start up, server: {serverIp:zf.zngue.com serverPort:48848 serverGrpcPort:49848}
2026-01-27T16:22:55.497+0800	INFO	rpc/grpc_client.go:175	check tls config %!(EXTRA *constant.TLSConfig=&{false false false    })
2026-01-27T16:22:55.497+0800	INFO	rpc/grpc_client.go:180	try to get tls config from env
2026-01-27T16:22:55.497+0800	INFO	rpc/grpc_client.go:189	 tls config from env is not enable
2026-01-27T16:22:55.498+0800	INFO	util/common.go:96	Local IP:169.254.131.38
2026-01-27T16:22:56.632+0800	WARN	rpc/rpc_client.go:329	[RpcClient.Start] 632493dc-9282-4b70-b420-a9ac6895836c fail to connect to server on start up, error message=server check request failed , err:rpc error: code = Unavailable desc = connection error: desc = "error reading server preface: EOF", start up retry times left=2
2026-01-27T16:22:56.632+0800	INFO	rpc/rpc_client.go:327	[RpcClient.Start] 632493dc-9282-4b70-b420-a9ac6895836c try to connect to server on start up, server: {serverIp:zf.zngue.com serverPort:48848 serverGrpcPort:49848}
2026-01-27T16:22:56.632+0800	INFO	rpc/grpc_client.go:175	check tls config %!(EXTRA *constant.TLSConfig=&{false false false    })
2026-01-27T16:22:56.632+0800	INFO	rpc/grpc_client.go:180	try to get tls config from env
2026-01-27T16:22:56.633+0800	INFO	rpc/grpc_client.go:189	 tls config from env is not enable
2026-01-27T16:22:56.668+0800	WARN	rpc/rpc_client.go:329	[RpcClient.Start] 632493dc-9282-4b70-b420-a9ac6895836c fail to connect to server on start up, error message=server check request failed , err:rpc error: code = Unavailable desc = connection error: desc = "error reading server preface: EOF", start up retry times left=1
2026-01-27T16:22:56.668+0800	INFO	rpc/rpc_client.go:327	[RpcClient.Start] 632493dc-9282-4b70-b420-a9ac6895836c try to connect to server on start up, server: {serverIp:zf.zngue.com serverPort:48848 serverGrpcPort:49848}
2026-01-27T16:22:56.668+0800	INFO	rpc/grpc_client.go:175	check tls config %!(EXTRA *constant.TLSConfig=&{false false false    })
2026-01-27T16:22:56.669+0800	INFO	rpc/grpc_client.go:180	try to get tls config from env
2026-01-27T16:22:56.669+0800	INFO	rpc/grpc_client.go:189	 tls config from env is not enable
2026-01-27T16:22:56.700+0800	WARN	rpc/rpc_client.go:329	[RpcClient.Start] 632493dc-9282-4b70-b420-a9ac6895836c fail to connect to server on start up, error message=server check request failed , err:rpc error: code = Unavailable desc = connection error: desc = "error reading server preface: read tcp 192.168.1.21:52524->42.193.55.92:49848: read: connection reset by peer", start up retry times left=0
2026-01-27T16:22:56.700+0800	DEBUG	rpc/rpc_client.go:394	632493dc-9282-4b70-b420-a9ac6895836c register server push request:NotifySubscriberRequest handler:NamingPushRequestHandler
2026-01-27T16:22:56.700+0800	INFO	rpc/rpc_client.go:427	632493dc-9282-4b70-b420-a9ac6895836c try to re connect to a new server, server is not appointed, will choose a random server.
2026-01-27T16:22:56.700+0800	DEBUG	rpc/rpc_client.go:402	632493dc-9282-4b70-b420-a9ac6895836c register connection listener [*naming_grpc.ConnectionEventListener] to current client
2026-01-27T16:22:56.700+0800	INFO	rpc/grpc_client.go:175	check tls config %!(EXTRA *constant.TLSConfig=&{false false false    })
2026-01-27T16:22:56.700+0800	INFO	rpc/grpc_client.go:180	try to get tls config from env
2026-01-27T16:22:56.700+0800	INFO	rpc/grpc_client.go:189	 tls config from env is not enable
2026-01-27T16:22:56.738+0800	INFO	rpc/grpc_client.go:175	check tls config %!(EXTRA *constant.TLSConfig=&{false false false    })
2026-01-27T16:22:56.738+0800	INFO	rpc/grpc_client.go:180	try to get tls config from env
2026-01-27T16:22:56.738+0800	INFO	rpc/grpc_client.go:189	 tls config from env is not enable
2026-01-27T16:22:56.778+0800	WARN	rpc/rpc_client.go:458	632493dc-9282-4b70-b420-a9ac6895836c fail to connect server, after trying 1 times, last try server is {serverIp:zf.zngue.com serverPort:48848 serverGrpcPort:49848}, error=server check request failed , err:rpc error: code = Unavailable desc = connection error: desc = "error reading server preface: EOF"
2026-01-27T16:22:56.881+0800	INFO	rpc/grpc_client.go:175	check tls config %!(EXTRA *constant.TLSConfig=&{false false false    })
2026-01-27T16:22:56.881+0800	INFO	rpc/grpc_client.go:180	try to get tls config from env
2026-01-27T16:22:56.881+0800	INFO	rpc/grpc_client.go:189	 tls config from env is not enable
2026-01-27T16:22:56.918+0800	WARN	rpc/rpc_client.go:458	632493dc-9282-4b70-b420-a9ac6895836c fail to connect server, after trying 2 times, last try server is {serverIp:zf.zngue.com serverPort:48848 serverGrpcPort:49848}, error=server check request failed , err:rpc error: code = Unavailable desc = connection error: desc = "error reading server preface: EOF"
2026-01-27T16:22:57.119+0800	INFO	rpc/grpc_client.go:175	check tls config %!(EXTRA *constant.TLSConfig=&{false false false    })
2026-01-27T16:22:57.119+0800	INFO	rpc/grpc_client.go:180	try to get tls config from env
2026-01-27T16:22:57.119+0800	INFO	rpc/grpc_client.go:189	 tls config from env is not enable
2026-01-27T16:22:57.150+0800	WARN	rpc/rpc_client.go:458	632493dc-9282-4b70-b420-a9ac6895836c fail to connect server, after trying 3 times, last try server is {serverIp:zf.zngue.com serverPort:48848 serverGrpcPort:49848}, error=server check request failed , err:rpc error: code = Unavailable desc = connection error: desc = "error reading server preface: EOF"
2026-01-27T16:22:57.451+0800	INFO	rpc/grpc_client.go:175	check tls config %!(EXTRA *constant.TLSConfig=&{false false false    })
2026-01-27T16:22:57.451+0800	INFO	rpc/grpc_client.go:180	try to get tls config from env
2026-01-27T16:22:57.451+0800	INFO	rpc/grpc_client.go:189	 tls config from env is not enable
2026-01-27T16:22:57.478+0800	WARN	rpc/rpc_client.go:458	632493dc-9282-4b70-b420-a9ac6895836c fail to connect server, after trying 4 times, last try server is {serverIp:zf.zngue.com serverPort:48848 serverGrpcPort:49848}, error=server check request failed , err:rpc error: code = Unavailable desc = connection error: desc = "error reading server preface: EOF"
2026-01-27T16:22:57.879+0800	INFO	rpc/grpc_client.go:175	check tls config %!(EXTRA *constant.TLSConfig=&{false false false    })
2026-01-27T16:22:57.879+0800	INFO	rpc/grpc_client.go:180	try to get tls config from env
2026-01-27T16:22:57.879+0800	INFO	rpc/grpc_client.go:189	 tls config from env is not enable
2026-01-27T16:22:57.909+0800	WARN	rpc/rpc_client.go:458	632493dc-9282-4b70-b420-a9ac6895836c fail to connect server, after trying 5 times, last try server is {serverIp:zf.zngue.com serverPort:48848 serverGrpcPort:49848}, error=server check request failed , err:rpc error: code = Unavailable desc = connection error: desc = "error reading server preface: EOF"
2026-01-27T16:22:58.411+0800	INFO	rpc/grpc_client.go:175	check tls config %!(EXTRA *constant.TLSConfig=&{false false false    })
2026-01-27T16:22:58.411+0800	INFO	rpc/grpc_client.go:180	try to get tls config from env
2026-01-27T16:22:58.411+0800	INFO	rpc/grpc_client.go:189	 tls config from env is not enable
2026-01-27T16:22:58.462+0800	WARN	rpc/rpc_client.go:458	632493dc-9282-4b70-b420-a9ac6895836c fail to connect server, after trying 6 times, last try server is {serverIp:zf.zngue.com serverPort:48848 serverGrpcPort:49848}, error=server check request failed , err:rpc error: code = Unavailable desc = connection error: desc = "error reading server preface: read tcp 192.168.1.21:52546->42.193.55.92:49848: read: connection reset by peer"
2026-01-27T16:22:59.063+0800	INFO	rpc/grpc_client.go:175	check tls config %!(EXTRA *constant.TLSConfig=&{false false false    })
2026-01-27T16:22:59.063+0800	INFO	rpc/grpc_client.go:180	try to get tls config from env
2026-01-27T16:22:59.063+0800	INFO	rpc/grpc_client.go:189	 tls config from env is not enable
2026-01-27T16:22:59.099+0800	WARN	rpc/rpc_client.go:458	632493dc-9282-4b70-b420-a9ac6895836c fail to connect server, after trying 7 times, last try server is {serverIp:zf.zngue.com serverPort:48848 serverGrpcPort:49848}, error=server check request failed , err:rpc error: code = Unavailable desc = connection error: desc = "error reading server preface: read tcp 192.168.1.21:52554->42.193.55.92:49848: read: connection reset by peer"
2026-01-27T16:22:59.800+0800	INFO	rpc/grpc_client.go:175	check tls config %!(EXTRA *constant.TLSConfig=&{false false false    })
2026-01-27T16:22:59.800+0800	INFO	rpc/grpc_client.go:180	try to get tls config from env
2026-01-27T16:22:59.800+0800	INFO	rpc/grpc_client.go:189	 tls config from env is not enable
2026-01-27T16:22:59.842+0800	WARN	rpc/rpc_client.go:458	632493dc-9282-4b70-b420-a9ac6895836c fail to connect server, after trying 8 times, last try server is {serverIp:zf.zngue.com serverPort:48848 serverGrpcPort:49848}, error=server check request failed , err:rpc error: code = Unavailable desc = connection error: desc = "error reading server preface: EOF"
2026-01-27T16:23:00.643+0800	INFO	rpc/grpc_client.go:175	check tls config %!(EXTRA *constant.TLSConfig=&{false false false    })
2026-01-27T16:23:00.643+0800	INFO	rpc/grpc_client.go:180	try to get tls config from env
2026-01-27T16:23:00.643+0800	INFO	rpc/grpc_client.go:189	 tls config from env is not enable
2026-01-27T16:23:00.676+0800	WARN	rpc/rpc_client.go:458	632493dc-9282-4b70-b420-a9ac6895836c fail to connect server, after trying 9 times, last try server is {serverIp:zf.zngue.com serverPort:48848 serverGrpcPort:49848}, error=server check request failed , err:rpc error: code = Unavailable desc = connection error: desc = "error reading server preface: read tcp 192.168.1.21:52568->42.193.55.92:49848: read: connection reset by peer"
2026-01-27T16:23:01.577+0800	INFO	rpc/grpc_client.go:175	check tls config %!(EXTRA *constant.TLSConfig=&{false false false    })
2026-01-27T16:23:01.577+0800	INFO	rpc/grpc_client.go:180	try to get tls config from env
2026-01-27T16:23:01.577+0800	INFO	rpc/grpc_client.go:189	 tls config from env is not enable
2026-01-27T16:23:01.611+0800	WARN	rpc/rpc_client.go:458	632493dc-9282-4b70-b420-a9ac6895836c fail to connect server, after trying 10 times, last try server is {serverIp:zf.zngue.com serverPort:48848 serverGrpcPort:49848}, error=server check request failed , err:rpc error: code = Unavailable desc = connection error: desc = "error reading server preface: EOF"
2026-01-27T16:23:02.612+0800	INFO	rpc/grpc_client.go:175	check tls config %!(EXTRA *constant.TLSConfig=&{false false false    })
2026-01-27T16:23:02.613+0800	INFO	rpc/grpc_client.go:180	try to get tls config from env
2026-01-27T16:23:02.613+0800	INFO	rpc/grpc_client.go:189	 tls config from env is not enable
2026-01-27T16:23:02.645+0800	WARN	rpc/rpc_client.go:458	632493dc-9282-4b70-b420-a9ac6895836c fail to connect server, after trying 11 times, last try server is {serverIp:zf.zngue.com serverPort:48848 serverGrpcPort:49848}, error=server check request failed , err:rpc error: code = Unavailable desc = connection error: desc = "error reading server preface: EOF"
2026-01-27T16:23:03.746+0800	INFO	rpc/grpc_client.go:175	check tls config %!(EXTRA *constant.TLSConfig=&{false false false    })
2026-01-27T16:23:03.746+0800	INFO	rpc/grpc_client.go:180	try to get tls config from env
2026-01-27T16:23:03.746+0800	INFO	rpc/grpc_client.go:189	 tls config from env is not enable
2026-01-27T16:23:03.780+0800	WARN	rpc/rpc_client.go:458	632493dc-9282-4b70-b420-a9ac6895836c fail to connect server, after trying 12 times, last try server is {serverIp:zf.zngue.com serverPort:48848 serverGrpcPort:49848}, error=server check request failed , err:rpc error: code = Unavailable desc = connection error: desc = "error reading server preface: EOF"
2026-01-27T16:23:04.981+0800	INFO	rpc/grpc_client.go:175	check tls config %!(EXTRA *constant.TLSConfig=&{false false false    })
2026-01-27T16:23:04.981+0800	INFO	rpc/grpc_client.go:180	try to get tls config from env
2026-01-27T16:23:04.981+0800	INFO	rpc/grpc_client.go:189	 tls config from env is not enable
2026-01-27T16:23:05.010+0800	WARN	rpc/rpc_client.go:458	632493dc-9282-4b70-b420-a9ac6895836c fail to connect server, after trying 13 times, last try server is {serverIp:zf.zngue.com serverPort:48848 serverGrpcPort:49848}, error=server check request failed , err:rpc error: code = Unavailable desc = connection error: desc = "error reading server preface: EOF"
2026-01-27T16:23:06.316+0800	INFO	rpc/grpc_client.go:175	check tls config %!(EXTRA *constant.TLSConfig=&{false false false    })
2026-01-27T16:23:06.316+0800	INFO	rpc/grpc_client.go:180	try to get tls config from env
2026-01-27T16:23:06.316+0800	INFO	rpc/grpc_client.go:189	 tls config from env is not enable
2026-01-27T16:23:06.348+0800	WARN	rpc/rpc_client.go:458	632493dc-9282-4b70-b420-a9ac6895836c fail to connect server, after trying 14 times, last try server is {serverIp:zf.zngue.com serverPort:48848 serverGrpcPort:49848}, error=server check request failed , err:rpc error: code = Unavailable desc = connection error: desc = "error reading server preface: EOF"
2026-01-27T16:23:07.750+0800	INFO	rpc/grpc_client.go:175	check tls config %!(EXTRA *constant.TLSConfig=&{false false false    })
2026-01-27T16:23:07.750+0800	INFO	rpc/grpc_client.go:180	try to get tls config from env
2026-01-27T16:23:07.750+0800	INFO	rpc/grpc_client.go:189	 tls config from env is not enable
2026-01-27T16:23:07.788+0800	WARN	rpc/rpc_client.go:458	632493dc-9282-4b70-b420-a9ac6895836c fail to connect server, after trying 15 times, last try server is {serverIp:zf.zngue.com serverPort:48848 serverGrpcPort:49848}, error=server check request failed , err:rpc error: code = Unavailable desc = connection error: desc = "error reading server preface: read tcp 192.168.1.21:52642->42.193.55.92:49848: read: connection reset by peer"
2026-01-27T16:23:09.289+0800	INFO	rpc/grpc_client.go:175	check tls config %!(EXTRA *constant.TLSConfig=&{false false false    })
2026-01-27T16:23:09.289+0800	INFO	rpc/grpc_client.go:180	try to get tls config from env
2026-01-27T16:23:09.289+0800	INFO	rpc/grpc_client.go:189	 tls config from env is not enable
2026-01-27T16:23:09.323+0800	WARN	rpc/rpc_client.go:458	632493dc-9282-4b70-b420-a9ac6895836c fail to connect server, after trying 16 times, last try server is {serverIp:zf.zngue.com serverPort:48848 serverGrpcPort:49848}, error=server check request failed , err:rpc error: code = Unavailable desc = connection error: desc = "error reading server preface: EOF"
2026-01-27T16:23:10.925+0800	INFO	rpc/grpc_client.go:175	check tls config %!(EXTRA *constant.TLSConfig=&{false false false    })
2026-01-27T16:23:10.925+0800	INFO	rpc/grpc_client.go:180	try to get tls config from env
2026-01-27T16:23:10.925+0800	INFO	rpc/grpc_client.go:189	 tls config from env is not enable
2026-01-27T16:23:10.958+0800	WARN	rpc/rpc_client.go:458	632493dc-9282-4b70-b420-a9ac6895836c fail to connect server, after trying 17 times, last try server is {serverIp:zf.zngue.com serverPort:48848 serverGrpcPort:49848}, error=server check request failed , err:rpc error: code = Unavailable desc = connection error: desc = "error reading server preface: EOF"
2026-01-27T16:23:12.658+0800	INFO	rpc/grpc_client.go:175	check tls config %!(EXTRA *constant.TLSConfig=&{false false false    })
2026-01-27T16:23:12.659+0800	INFO	rpc/grpc_client.go:180	try to get tls config from env
2026-01-27T16:23:12.660+0800	INFO	rpc/grpc_client.go:189	 tls config from env is not enable
2026-01-27T16:23:12.698+0800	WARN	rpc/rpc_client.go:458	632493dc-9282-4b70-b420-a9ac6895836c fail to connect server, after trying 18 times, last try server is {serverIp:zf.zngue.com serverPort:48848 serverGrpcPort:49848}, error=server check request failed , err:rpc error: code = Unavailable desc = connection error: desc = "error reading server preface: EOF"
2026-01-27T16:23:14.498+0800	INFO	rpc/grpc_client.go:175	check tls config %!(EXTRA *constant.TLSConfig=&{false false false    })
2026-01-27T16:23:14.498+0800	INFO	rpc/grpc_client.go:180	try to get tls config from env
2026-01-27T16:23:14.498+0800	INFO	rpc/grpc_client.go:189	 tls config from env is not enable
2026-01-27T16:23:14.533+0800	WARN	rpc/rpc_client.go:458	632493dc-9282-4b70-b420-a9ac6895836c fail to connect server, after trying 19 times, last try server is {serverIp:zf.zngue.com serverPort:48848 serverGrpcPort:49848}, error=server check request failed , err:rpc error: code = Unavailable desc = connection error: desc = "error reading server preface: EOF"
2026-01-27T16:23:16.433+0800	INFO	rpc/grpc_client.go:175	check tls config %!(EXTRA *constant.TLSConfig=&{false false false    })
2026-01-27T16:23:16.433+0800	INFO	rpc/grpc_client.go:180	try to get tls config from env
2026-01-27T16:23:16.433+0800	INFO	rpc/grpc_client.go:189	 tls config from env is not enable
2026-01-27T16:23:16.470+0800	WARN	rpc/rpc_client.go:458	632493dc-9282-4b70-b420-a9ac6895836c fail to connect server, after trying 20 times, last try server is {serverIp:zf.zngue.com serverPort:48848 serverGrpcPort:49848}, error=server check request failed , err:rpc error: code = Unavailable desc = connection error: desc = "error reading server preface: EOF"
2026-01-27T16:23:16.702+0800	INFO	naming_grpc/naming_grpc_proxy.go:95	register instance namespaceId:<public>,serviceName:<user-service> with instance:<{"instanceId":"","ip":"192.168.1.21","port":9001,"weight":0,"healthy":true,"enabled":true,"ephemeral":true,"clusterName":"","serviceName":"","metadata":{},"instanceHeartBeatInterval":0,"ipDeleteTimeout":0,"instanceHeartBeatTimeOut":0}>
2026-01-27T16:23:16.703+0800	ERROR	rpc/rpc_client.go:630	Send request fail, request=InstanceRequest, body={"requestId":"","namespace":"public","serviceName":"user-service","groupName":"test_user","module":"naming","type":"registerInstance","instance":{"instanceId":"","ip":"192.168.1.21","port":9001,"weight":0,"healthy":true,"enabled":true,"ephemeral":true,"clusterName":"","serviceName":"","metadata":{},"instanceHeartBeatInterval":0,"ipDeleteTimeout":0,"instanceHeartBeatTimeOut":0}}, retryTimes=0, error=client not connected, current status:STARTING
github.com/nacos-group/nacos-sdk-go/v2/common/remote/rpc.(*RpcClient).Request
	/Users/zngue/go/pkg/mod/github.com/nacos-group/nacos-sdk-go/v2@v2.3.5/common/remote/rpc/rpc_client.go:592
github.com/nacos-group/nacos-sdk-go/v2/clients/naming_client/naming_grpc.(*NamingGrpcProxy).requestToServer
	/Users/zngue/go/pkg/mod/github.com/nacos-group/nacos-sdk-go/v2@v2.3.5/clients/naming_client/naming_grpc/naming_grpc_proxy.go:88
github.com/nacos-group/nacos-sdk-go/v2/clients/naming_client/naming_grpc.(*NamingGrpcProxy).RegisterInstance
	/Users/zngue/go/pkg/mod/github.com/nacos-group/nacos-sdk-go/v2@v2.3.5/clients/naming_client/naming_grpc/naming_grpc_proxy.go:99
github.com/nacos-group/nacos-sdk-go/v2/clients/naming_client.(*NamingProxyDelegate).RegisterInstance
	/Users/zngue/go/pkg/mod/github.com/nacos-group/nacos-sdk-go/v2@v2.3.5/clients/naming_client/naming_proxy_delegate.go:92
github.com/nacos-group/nacos-sdk-go/v2/clients/naming_client.(*NamingClient).RegisterInstance
	/Users/zngue/go/pkg/mod/github.com/nacos-group/nacos-sdk-go/v2@v2.3.5/clients/naming_client/naming_client.go:125
github.com/zngue/zng_app/app/config/nacos.NewCenterOptions
	/Users/zngue/www/go/zng_go/zng_app/app/config/nacos/nacos.go:41
main.main
	/Users/zngue/www/go/zng_go/zng_app/cmd/user/main.go:10
runtime.main
	/opt/homebrew/Cellar/go/1.24.3/libexec/src/runtime/proc.go:283
runtime.goexit
	/opt/homebrew/Cellar/go/1.24.3/libexec/src/runtime/asm_arm64.s:1223
2026-01-27T16:23:16.803+0800	ERROR	rpc/rpc_client.go:630	Send request fail, request=InstanceRequest, body={"requestId":"","namespace":"public","serviceName":"user-service","groupName":"test_user","module":"naming","type":"registerInstance","instance":{"instanceId":"","ip":"192.168.1.21","port":9001,"weight":0,"healthy":true,"enabled":true,"ephemeral":true,"clusterName":"","serviceName":"","metadata":{},"instanceHeartBeatInterval":0,"ipDeleteTimeout":0,"instanceHeartBeatTimeOut":0}}, retryTimes=1, error=client not connected, current status:STARTING
github.com/nacos-group/nacos-sdk-go/v2/common/remote/rpc.(*RpcClient).Request
	/Users/zngue/go/pkg/mod/github.com/nacos-group/nacos-sdk-go/v2@v2.3.5/common/remote/rpc/rpc_client.go:592
github.com/nacos-group/nacos-sdk-go/v2/clients/naming_client/naming_grpc.(*NamingGrpcProxy).requestToServer
	/Users/zngue/go/pkg/mod/github.com/nacos-group/nacos-sdk-go/v2@v2.3.5/clients/naming_client/naming_grpc/naming_grpc_proxy.go:88
github.com/nacos-group/nacos-sdk-go/v2/clients/naming_client/naming_grpc.(*NamingGrpcProxy).RegisterInstance
	/Users/zngue/go/pkg/mod/github.com/nacos-group/nacos-sdk-go/v2@v2.3.5/clients/naming_client/naming_grpc/naming_grpc_proxy.go:99
github.com/nacos-group/nacos-sdk-go/v2/clients/naming_client.(*NamingProxyDelegate).RegisterInstance
	/Users/zngue/go/pkg/mod/github.com/nacos-group/nacos-sdk-go/v2@v2.3.5/clients/naming_client/naming_proxy_delegate.go:92
github.com/nacos-group/nacos-sdk-go/v2/clients/naming_client.(*NamingClient).RegisterInstance
	/Users/zngue/go/pkg/mod/github.com/nacos-group/nacos-sdk-go/v2@v2.3.5/clients/naming_client/naming_client.go:125
github.com/zngue/zng_app/app/config/nacos.NewCenterOptions
	/Users/zngue/www/go/zng_go/zng_app/app/config/nacos/nacos.go:41
main.main
	/Users/zngue/www/go/zng_go/zng_app/cmd/user/main.go:10
runtime.main
	/opt/homebrew/Cellar/go/1.24.3/libexec/src/runtime/proc.go:283
runtime.goexit
	/opt/homebrew/Cellar/go/1.24.3/libexec/src/runtime/asm_arm64.s:1223
2026-01-27T16:23:16.906+0800	ERROR	rpc/rpc_client.go:630	Send request fail, request=InstanceRequest, body={"requestId":"","namespace":"public","serviceName":"user-service","groupName":"test_user","module":"naming","type":"registerInstance","instance":{"instanceId":"","ip":"192.168.1.21","port":9001,"weight":0,"healthy":true,"enabled":true,"ephemeral":true,"clusterName":"","serviceName":"","metadata":{},"instanceHeartBeatInterval":0,"ipDeleteTimeout":0,"instanceHeartBeatTimeOut":0}}, retryTimes=2, error=client not connected, current status:STARTING
github.com/nacos-group/nacos-sdk-go/v2/common/remote/rpc.(*RpcClient).Request
	/Users/zngue/go/pkg/mod/github.com/nacos-group/nacos-sdk-go/v2@v2.3.5/common/remote/rpc/rpc_client.go:592
github.com/nacos-group/nacos-sdk-go/v2/clients/naming_client/naming_grpc.(*NamingGrpcProxy).requestToServer
	/Users/zngue/go/pkg/mod/github.com/nacos-group/nacos-sdk-go/v2@v2.3.5/clients/naming_client/naming_grpc/naming_grpc_proxy.go:88
github.com/nacos-group/nacos-sdk-go/v2/clients/naming_client/naming_grpc.(*NamingGrpcProxy).RegisterInstance
	/Users/zngue/go/pkg/mod/github.com/nacos-group/nacos-sdk-go/v2@v2.3.5/clients/naming_client/naming_grpc/naming_grpc_proxy.go:99
github.com/nacos-group/nacos-sdk-go/v2/clients/naming_client.(*NamingProxyDelegate).RegisterInstance
	/Users/zngue/go/pkg/mod/github.com/nacos-group/nacos-sdk-go/v2@v2.3.5/clients/naming_client/naming_proxy_delegate.go:92
github.com/nacos-group/nacos-sdk-go/v2/clients/naming_client.(*NamingClient).RegisterInstance
	/Users/zngue/go/pkg/mod/github.com/nacos-group/nacos-sdk-go/v2@v2.3.5/clients/naming_client/naming_client.go:125
github.com/zngue/zng_app/app/config/nacos.NewCenterOptions
	/Users/zngue/www/go/zng_go/zng_app/app/config/nacos/nacos.go:41
main.main
	/Users/zngue/www/go/zng_go/zng_app/cmd/user/main.go:10
runtime.main
	/opt/homebrew/Cellar/go/1.24.3/libexec/src/runtime/proc.go:283
runtime.goexit
	/opt/homebrew/Cellar/go/1.24.3/libexec/src/runtime/asm_arm64.s:1223
2026-01-27T16:26:03.128+0800	INFO	naming_http/push_receiver.go:89	udp server start, port: 55228
2026-01-27T16:26:03.129+0800	INFO	rpc/rpc_client.go:157	init rpc client for name %!(EXTRA string=93bf9854-d592-41d3-a38e-09de6c12b5bc)
2026-01-27T16:26:03.130+0800	INFO	rpc/rpc_client.go:166	get app conn labels from client config map[] 
2026-01-27T16:26:03.130+0800	INFO	rpc/rpc_client.go:168	get app conn labels from env map[] 
2026-01-27T16:26:03.130+0800	INFO	rpc/rpc_client.go:171	final app conn labels : map[] 
2026-01-27T16:26:03.130+0800	DEBUG	rpc/rpc_client.go:394	93bf9854-d592-41d3-a38e-09de6c12b5bc register server push request:ConnectResetRequest handler:ConnectResetRequestHandler
2026-01-27T16:26:03.130+0800	DEBUG	rpc/rpc_client.go:394	93bf9854-d592-41d3-a38e-09de6c12b5bc register server push request:ClientDetectionRequest handler:ClientDetectionRequestHandler
2026-01-27T16:26:03.130+0800	INFO	rpc/rpc_client.go:327	[RpcClient.Start] 93bf9854-d592-41d3-a38e-09de6c12b5bc try to connect to server on start up, server: {serverIp:42.193.55.92 serverPort:48848 serverGrpcPort:49848}
2026-01-27T16:26:03.130+0800	INFO	rpc/grpc_client.go:175	check tls config %!(EXTRA *constant.TLSConfig=&{false false false    })
2026-01-27T16:26:03.130+0800	INFO	rpc/grpc_client.go:180	try to get tls config from env
2026-01-27T16:26:03.130+0800	INFO	rpc/grpc_client.go:189	 tls config from env is not enable
2026-01-27T16:26:03.131+0800	INFO	util/common.go:96	Local IP:169.254.131.38
2026-01-27T16:26:03.157+0800	WARN	rpc/rpc_client.go:329	[RpcClient.Start] 93bf9854-d592-41d3-a38e-09de6c12b5bc fail to connect to server on start up, error message=server check request failed , err:rpc error: code = Unavailable desc = connection error: desc = "error reading server preface: EOF", start up retry times left=2
2026-01-27T16:26:03.157+0800	INFO	rpc/rpc_client.go:327	[RpcClient.Start] 93bf9854-d592-41d3-a38e-09de6c12b5bc try to connect to server on start up, server: {serverIp:42.193.55.92 serverPort:48848 serverGrpcPort:49848}
2026-01-27T16:26:03.157+0800	INFO	rpc/grpc_client.go:175	check tls config %!(EXTRA *constant.TLSConfig=&{false false false    })
2026-01-27T16:26:03.157+0800	INFO	rpc/grpc_client.go:180	try to get tls config from env
2026-01-27T16:26:03.157+0800	INFO	rpc/grpc_client.go:189	 tls config from env is not enable
2026-01-27T16:26:03.183+0800	WARN	rpc/rpc_client.go:329	[RpcClient.Start] 93bf9854-d592-41d3-a38e-09de6c12b5bc fail to connect to server on start up, error message=server check request failed , err:rpc error: code = Unavailable desc = connection error: desc = "error reading server preface: EOF", start up retry times left=1
2026-01-27T16:26:03.184+0800	INFO	rpc/rpc_client.go:327	[RpcClient.Start] 93bf9854-d592-41d3-a38e-09de6c12b5bc try to connect to server on start up, server: {serverIp:42.193.55.92 serverPort:48848 serverGrpcPort:49848}
2026-01-27T16:26:03.184+0800	INFO	rpc/grpc_client.go:175	check tls config %!(EXTRA *constant.TLSConfig=&{false false false    })
2026-01-27T16:26:03.184+0800	INFO	rpc/grpc_client.go:180	try to get tls config from env
2026-01-27T16:26:03.184+0800	INFO	rpc/grpc_client.go:189	 tls config from env is not enable
2026-01-27T16:26:03.207+0800	WARN	rpc/rpc_client.go:329	[RpcClient.Start] 93bf9854-d592-41d3-a38e-09de6c12b5bc fail to connect to server on start up, error message=server check request failed , err:rpc error: code = Unavailable desc = connection error: desc = "error reading server preface: EOF", start up retry times left=0
2026-01-27T16:26:03.207+0800	DEBUG	rpc/rpc_client.go:394	93bf9854-d592-41d3-a38e-09de6c12b5bc register server push request:NotifySubscriberRequest handler:NamingPushRequestHandler
2026-01-27T16:26:03.207+0800	INFO	rpc/rpc_client.go:427	93bf9854-d592-41d3-a38e-09de6c12b5bc try to re connect to a new server, server is not appointed, will choose a random server.
2026-01-27T16:26:03.207+0800	DEBUG	rpc/rpc_client.go:402	93bf9854-d592-41d3-a38e-09de6c12b5bc register connection listener [*naming_grpc.ConnectionEventListener] to current client
2026-01-27T16:26:03.207+0800	INFO	rpc/grpc_client.go:175	check tls config %!(EXTRA *constant.TLSConfig=&{false false false    })
2026-01-27T16:26:03.207+0800	INFO	rpc/grpc_client.go:180	try to get tls config from env
2026-01-27T16:26:03.207+0800	INFO	rpc/grpc_client.go:189	 tls config from env is not enable
2026-01-27T16:26:03.207+0800	INFO	naming_grpc/naming_grpc_proxy.go:95	register instance namespaceId:<public>,serviceName:<user-service> with instance:<{"instanceId":"","ip":"192.168.1.21","port":9001,"weight":0,"healthy":true,"enabled":true,"ephemeral":true,"clusterName":"","serviceName":"","metadata":{},"instanceHeartBeatInterval":0,"ipDeleteTimeout":0,"instanceHeartBeatTimeOut":0}>
2026-01-27T16:26:03.208+0800	ERROR	rpc/rpc_client.go:630	Send request fail, request=InstanceRequest, body={"requestId":"","namespace":"public","serviceName":"user-service","groupName":"test_user","module":"naming","type":"registerInstance","instance":{"instanceId":"","ip":"192.168.1.21","port":9001,"weight":0,"healthy":true,"enabled":true,"ephemeral":true,"clusterName":"","serviceName":"","metadata":{},"instanceHeartBeatInterval":0,"ipDeleteTimeout":0,"instanceHeartBeatTimeOut":0}}, retryTimes=0, error=client not connected, current status:STARTING
github.com/nacos-group/nacos-sdk-go/v2/common/remote/rpc.(*RpcClient).Request
	/Users/zngue/go/pkg/mod/github.com/nacos-group/nacos-sdk-go/v2@v2.3.5/common/remote/rpc/rpc_client.go:592
github.com/nacos-group/nacos-sdk-go/v2/clients/naming_client/naming_grpc.(*NamingGrpcProxy).requestToServer
	/Users/zngue/go/pkg/mod/github.com/nacos-group/nacos-sdk-go/v2@v2.3.5/clients/naming_client/naming_grpc/naming_grpc_proxy.go:88
github.com/nacos-group/nacos-sdk-go/v2/clients/naming_client/naming_grpc.(*NamingGrpcProxy).RegisterInstance
	/Users/zngue/go/pkg/mod/github.com/nacos-group/nacos-sdk-go/v2@v2.3.5/clients/naming_client/naming_grpc/naming_grpc_proxy.go:99
github.com/nacos-group/nacos-sdk-go/v2/clients/naming_client.(*NamingProxyDelegate).RegisterInstance
	/Users/zngue/go/pkg/mod/github.com/nacos-group/nacos-sdk-go/v2@v2.3.5/clients/naming_client/naming_proxy_delegate.go:92
github.com/nacos-group/nacos-sdk-go/v2/clients/naming_client.(*NamingClient).RegisterInstance
	/Users/zngue/go/pkg/mod/github.com/nacos-group/nacos-sdk-go/v2@v2.3.5/clients/naming_client/naming_client.go:125
github.com/zngue/zng_app/app/config/nacos.NewCenterOptions
	/Users/zngue/www/go/zng_go/zng_app/app/config/nacos/nacos.go:39
main.main
	/Users/zngue/www/go/zng_go/zng_app/cmd/user/main.go:10
runtime.main
	/opt/homebrew/Cellar/go/1.24.3/libexec/src/runtime/proc.go:283
runtime.goexit
	/opt/homebrew/Cellar/go/1.24.3/libexec/src/runtime/asm_arm64.s:1223
2026-01-27T16:26:03.233+0800	INFO	rpc/grpc_client.go:175	check tls config %!(EXTRA *constant.TLSConfig=&{false false false    })
2026-01-27T16:26:03.233+0800	INFO	rpc/grpc_client.go:180	try to get tls config from env
2026-01-27T16:26:03.233+0800	INFO	rpc/grpc_client.go:189	 tls config from env is not enable
2026-01-27T16:26:03.256+0800	WARN	rpc/rpc_client.go:458	93bf9854-d592-41d3-a38e-09de6c12b5bc fail to connect server, after trying 1 times, last try server is {serverIp:42.193.55.92 serverPort:48848 serverGrpcPort:49848}, error=server check request failed , err:rpc error: code = Unavailable desc = connection error: desc = "error reading server preface: EOF"
2026-01-27T16:26:03.309+0800	ERROR	rpc/rpc_client.go:630	Send request fail, request=InstanceRequest, body={"requestId":"","namespace":"public","serviceName":"user-service","groupName":"test_user","module":"naming","type":"registerInstance","instance":{"instanceId":"","ip":"192.168.1.21","port":9001,"weight":0,"healthy":true,"enabled":true,"ephemeral":true,"clusterName":"","serviceName":"","metadata":{},"instanceHeartBeatInterval":0,"ipDeleteTimeout":0,"instanceHeartBeatTimeOut":0}}, retryTimes=1, error=client not connected, current status:STARTING
github.com/nacos-group/nacos-sdk-go/v2/common/remote/rpc.(*RpcClient).Request
	/Users/zngue/go/pkg/mod/github.com/nacos-group/nacos-sdk-go/v2@v2.3.5/common/remote/rpc/rpc_client.go:592
github.com/nacos-group/nacos-sdk-go/v2/clients/naming_client/naming_grpc.(*NamingGrpcProxy).requestToServer
	/Users/zngue/go/pkg/mod/github.com/nacos-group/nacos-sdk-go/v2@v2.3.5/clients/naming_client/naming_grpc/naming_grpc_proxy.go:88
github.com/nacos-group/nacos-sdk-go/v2/clients/naming_client/naming_grpc.(*NamingGrpcProxy).RegisterInstance
	/Users/zngue/go/pkg/mod/github.com/nacos-group/nacos-sdk-go/v2@v2.3.5/clients/naming_client/naming_grpc/naming_grpc_proxy.go:99
github.com/nacos-group/nacos-sdk-go/v2/clients/naming_client.(*NamingProxyDelegate).RegisterInstance
	/Users/zngue/go/pkg/mod/github.com/nacos-group/nacos-sdk-go/v2@v2.3.5/clients/naming_client/naming_proxy_delegate.go:92
github.com/nacos-group/nacos-sdk-go/v2/clients/naming_client.(*NamingClient).RegisterInstance
	/Users/zngue/go/pkg/mod/github.com/nacos-group/nacos-sdk-go/v2@v2.3.5/clients/naming_client/naming_client.go:125
github.com/zngue/zng_app/app/config/nacos.NewCenterOptions
	/Users/zngue/www/go/zng_go/zng_app/app/config/nacos/nacos.go:39
main.main
	/Users/zngue/www/go/zng_go/zng_app/cmd/user/main.go:10
runtime.main
	/opt/homebrew/Cellar/go/1.24.3/libexec/src/runtime/proc.go:283
runtime.goexit
	/opt/homebrew/Cellar/go/1.24.3/libexec/src/runtime/asm_arm64.s:1223
2026-01-27T16:26:03.357+0800	INFO	rpc/grpc_client.go:175	check tls config %!(EXTRA *constant.TLSConfig=&{false false false    })
2026-01-27T16:26:03.357+0800	INFO	rpc/grpc_client.go:180	try to get tls config from env
2026-01-27T16:26:03.357+0800	INFO	rpc/grpc_client.go:189	 tls config from env is not enable
2026-01-27T16:26:03.385+0800	WARN	rpc/rpc_client.go:458	93bf9854-d592-41d3-a38e-09de6c12b5bc fail to connect server, after trying 2 times, last try server is {serverIp:42.193.55.92 serverPort:48848 serverGrpcPort:49848}, error=server check request failed , err:rpc error: code = Unavailable desc = connection error: desc = "error reading server preface: read tcp 192.168.1.21:54092->42.193.55.92:49848: read: connection reset by peer"
2026-01-27T16:26:03.410+0800	ERROR	rpc/rpc_client.go:630	Send request fail, request=InstanceRequest, body={"requestId":"","namespace":"public","serviceName":"user-service","groupName":"test_user","module":"naming","type":"registerInstance","instance":{"instanceId":"","ip":"192.168.1.21","port":9001,"weight":0,"healthy":true,"enabled":true,"ephemeral":true,"clusterName":"","serviceName":"","metadata":{},"instanceHeartBeatInterval":0,"ipDeleteTimeout":0,"instanceHeartBeatTimeOut":0}}, retryTimes=2, error=client not connected, current status:STARTING
github.com/nacos-group/nacos-sdk-go/v2/common/remote/rpc.(*RpcClient).Request
	/Users/zngue/go/pkg/mod/github.com/nacos-group/nacos-sdk-go/v2@v2.3.5/common/remote/rpc/rpc_client.go:592
github.com/nacos-group/nacos-sdk-go/v2/clients/naming_client/naming_grpc.(*NamingGrpcProxy).requestToServer
	/Users/zngue/go/pkg/mod/github.com/nacos-group/nacos-sdk-go/v2@v2.3.5/clients/naming_client/naming_grpc/naming_grpc_proxy.go:88
github.com/nacos-group/nacos-sdk-go/v2/clients/naming_client/naming_grpc.(*NamingGrpcProxy).RegisterInstance
	/Users/zngue/go/pkg/mod/github.com/nacos-group/nacos-sdk-go/v2@v2.3.5/clients/naming_client/naming_grpc/naming_grpc_proxy.go:99
github.com/nacos-group/nacos-sdk-go/v2/clients/naming_client.(*NamingProxyDelegate).RegisterInstance
	/Users/zngue/go/pkg/mod/github.com/nacos-group/nacos-sdk-go/v2@v2.3.5/clients/naming_client/naming_proxy_delegate.go:92
github.com/nacos-group/nacos-sdk-go/v2/clients/naming_client.(*NamingClient).RegisterInstance
	/Users/zngue/go/pkg/mod/github.com/nacos-group/nacos-sdk-go/v2@v2.3.5/clients/naming_client/naming_client.go:125
github.com/zngue/zng_app/app/config/nacos.NewCenterOptions
	/Users/zngue/www/go/zng_go/zng_app/app/config/nacos/nacos.go:39
main.main
	/Users/zngue/www/go/zng_go/zng_app/cmd/user/main.go:10
runtime.main
	/opt/homebrew/Cellar/go/1.24.3/libexec/src/runtime/proc.go:283
runtime.goexit
	/opt/homebrew/Cellar/go/1.24.3/libexec/src/runtime/asm_arm64.s:1223
2026-01-27T16:26:09.545+0800	INFO	naming_http/push_receiver.go:89	udp server start, port: 55685
2026-01-27T16:26:09.545+0800	INFO	rpc/rpc_client.go:157	init rpc client for name %!(EXTRA string=9f2c72bc-316a-40f8-a903-59c756c14621)
2026-01-27T16:26:09.545+0800	INFO	rpc/rpc_client.go:166	get app conn labels from client config map[] 
2026-01-27T16:26:09.545+0800	INFO	rpc/rpc_client.go:168	get app conn labels from env map[] 
2026-01-27T16:26:09.545+0800	INFO	rpc/rpc_client.go:171	final app conn labels : map[] 
2026-01-27T16:26:09.545+0800	DEBUG	rpc/rpc_client.go:394	9f2c72bc-316a-40f8-a903-59c756c14621 register server push request:ConnectResetRequest handler:ConnectResetRequestHandler
2026-01-27T16:26:09.545+0800	DEBUG	rpc/rpc_client.go:394	9f2c72bc-316a-40f8-a903-59c756c14621 register server push request:ClientDetectionRequest handler:ClientDetectionRequestHandler
2026-01-27T16:26:09.545+0800	INFO	rpc/rpc_client.go:327	[RpcClient.Start] 9f2c72bc-316a-40f8-a903-59c756c14621 try to connect to server on start up, server: {serverIp:42.193.55.92 serverPort:48848 serverGrpcPort:49848}
2026-01-27T16:26:09.545+0800	INFO	rpc/grpc_client.go:175	check tls config %!(EXTRA *constant.TLSConfig=&{false false false    })
2026-01-27T16:26:09.545+0800	INFO	rpc/grpc_client.go:180	try to get tls config from env
2026-01-27T16:26:09.545+0800	INFO	rpc/grpc_client.go:189	 tls config from env is not enable
2026-01-27T16:26:09.546+0800	INFO	util/common.go:96	Local IP:169.254.131.38
2026-01-27T16:26:09.573+0800	WARN	rpc/rpc_client.go:329	[RpcClient.Start] 9f2c72bc-316a-40f8-a903-59c756c14621 fail to connect to server on start up, error message=server check request failed , err:rpc error: code = Unavailable desc = connection error: desc = "error reading server preface: EOF", start up retry times left=2
2026-01-27T16:26:09.573+0800	INFO	rpc/rpc_client.go:327	[RpcClient.Start] 9f2c72bc-316a-40f8-a903-59c756c14621 try to connect to server on start up, server: {serverIp:42.193.55.92 serverPort:48848 serverGrpcPort:49848}
2026-01-27T16:26:09.573+0800	INFO	rpc/grpc_client.go:175	check tls config %!(EXTRA *constant.TLSConfig=&{false false false    })
2026-01-27T16:26:09.573+0800	INFO	rpc/grpc_client.go:180	try to get tls config from env
2026-01-27T16:26:09.573+0800	INFO	rpc/grpc_client.go:189	 tls config from env is not enable
2026-01-27T16:26:09.599+0800	WARN	rpc/rpc_client.go:329	[RpcClient.Start] 9f2c72bc-316a-40f8-a903-59c756c14621 fail to connect to server on start up, error message=server check request failed , err:rpc error: code = Unavailable desc = connection error: desc = "error reading server preface: EOF", start up retry times left=1
2026-01-27T16:26:09.599+0800	INFO	rpc/rpc_client.go:327	[RpcClient.Start] 9f2c72bc-316a-40f8-a903-59c756c14621 try to connect to server on start up, server: {serverIp:42.193.55.92 serverPort:48848 serverGrpcPort:49848}
2026-01-27T16:26:09.599+0800	INFO	rpc/grpc_client.go:175	check tls config %!(EXTRA *constant.TLSConfig=&{false false false    })
2026-01-27T16:26:09.599+0800	INFO	rpc/grpc_client.go:180	try to get tls config from env
2026-01-27T16:26:09.599+0800	INFO	rpc/grpc_client.go:189	 tls config from env is not enable
2026-01-27T16:26:09.624+0800	WARN	rpc/rpc_client.go:329	[RpcClient.Start] 9f2c72bc-316a-40f8-a903-59c756c14621 fail to connect to server on start up, error message=server check request failed , err:rpc error: code = Unavailable desc = connection error: desc = "error reading server preface: EOF", start up retry times left=0
2026-01-27T16:26:09.624+0800	DEBUG	rpc/rpc_client.go:394	9f2c72bc-316a-40f8-a903-59c756c14621 register server push request:NotifySubscriberRequest handler:NamingPushRequestHandler
2026-01-27T16:26:09.624+0800	INFO	rpc/rpc_client.go:427	9f2c72bc-316a-40f8-a903-59c756c14621 try to re connect to a new server, server is not appointed, will choose a random server.
2026-01-27T16:26:09.624+0800	INFO	rpc/grpc_client.go:175	check tls config %!(EXTRA *constant.TLSConfig=&{false false false    })
2026-01-27T16:26:09.624+0800	INFO	rpc/grpc_client.go:180	try to get tls config from env
2026-01-27T16:26:09.624+0800	INFO	rpc/grpc_client.go:189	 tls config from env is not enable
2026-01-27T16:26:09.624+0800	DEBUG	rpc/rpc_client.go:402	9f2c72bc-316a-40f8-a903-59c756c14621 register connection listener [*naming_grpc.ConnectionEventListener] to current client
2026-01-27T16:26:09.624+0800	INFO	naming_grpc/naming_grpc_proxy.go:95	register instance namespaceId:<public>,serviceName:<user-service> with instance:<{"instanceId":"","ip":"192.168.1.21","port":9001,"weight":0,"healthy":true,"enabled":true,"ephemeral":true,"clusterName":"","serviceName":"","metadata":{},"instanceHeartBeatInterval":0,"ipDeleteTimeout":0,"instanceHeartBeatTimeOut":0}>
2026-01-27T16:26:09.625+0800	ERROR	rpc/rpc_client.go:630	Send request fail, request=InstanceRequest, body={"requestId":"","namespace":"public","serviceName":"user-service","groupName":"test_user","module":"naming","type":"registerInstance","instance":{"instanceId":"","ip":"192.168.1.21","port":9001,"weight":0,"healthy":true,"enabled":true,"ephemeral":true,"clusterName":"","serviceName":"","metadata":{},"instanceHeartBeatInterval":0,"ipDeleteTimeout":0,"instanceHeartBeatTimeOut":0}}, retryTimes=0, error=client not connected, current status:STARTING
github.com/nacos-group/nacos-sdk-go/v2/common/remote/rpc.(*RpcClient).Request
	/Users/zngue/go/pkg/mod/github.com/nacos-group/nacos-sdk-go/v2@v2.3.5/common/remote/rpc/rpc_client.go:592
github.com/nacos-group/nacos-sdk-go/v2/clients/naming_client/naming_grpc.(*NamingGrpcProxy).requestToServer
	/Users/zngue/go/pkg/mod/github.com/nacos-group/nacos-sdk-go/v2@v2.3.5/clients/naming_client/naming_grpc/naming_grpc_proxy.go:88
github.com/nacos-group/nacos-sdk-go/v2/clients/naming_client/naming_grpc.(*NamingGrpcProxy).RegisterInstance
	/Users/zngue/go/pkg/mod/github.com/nacos-group/nacos-sdk-go/v2@v2.3.5/clients/naming_client/naming_grpc/naming_grpc_proxy.go:99
github.com/nacos-group/nacos-sdk-go/v2/clients/naming_client.(*NamingProxyDelegate).RegisterInstance
	/Users/zngue/go/pkg/mod/github.com/nacos-group/nacos-sdk-go/v2@v2.3.5/clients/naming_client/naming_proxy_delegate.go:92
github.com/nacos-group/nacos-sdk-go/v2/clients/naming_client.(*NamingClient).RegisterInstance
	/Users/zngue/go/pkg/mod/github.com/nacos-group/nacos-sdk-go/v2@v2.3.5/clients/naming_client/naming_client.go:125
github.com/zngue/zng_app/app/config/nacos.NewCenterOptions
	/Users/zngue/www/go/zng_go/zng_app/app/config/nacos/nacos.go:39
main.main
	/Users/zngue/www/go/zng_go/zng_app/cmd/user/main.go:10
runtime.main
	/opt/homebrew/Cellar/go/1.24.3/libexec/src/runtime/proc.go:283
runtime.goexit
	/opt/homebrew/Cellar/go/1.24.3/libexec/src/runtime/asm_arm64.s:1223
2026-01-27T16:26:09.726+0800	ERROR	rpc/rpc_client.go:630	Send request fail, request=InstanceRequest, body={"requestId":"","namespace":"public","serviceName":"user-service","groupName":"test_user","module":"naming","type":"registerInstance","instance":{"instanceId":"","ip":"192.168.1.21","port":9001,"weight":0,"healthy":true,"enabled":true,"ephemeral":true,"clusterName":"","serviceName":"","metadata":{},"instanceHeartBeatInterval":0,"ipDeleteTimeout":0,"instanceHeartBeatTimeOut":0}}, retryTimes=1, error=client not connected, current status:STARTING
github.com/nacos-group/nacos-sdk-go/v2/common/remote/rpc.(*RpcClient).Request
	/Users/zngue/go/pkg/mod/github.com/nacos-group/nacos-sdk-go/v2@v2.3.5/common/remote/rpc/rpc_client.go:592
github.com/nacos-group/nacos-sdk-go/v2/clients/naming_client/naming_grpc.(*NamingGrpcProxy).requestToServer
	/Users/zngue/go/pkg/mod/github.com/nacos-group/nacos-sdk-go/v2@v2.3.5/clients/naming_client/naming_grpc/naming_grpc_proxy.go:88
github.com/nacos-group/nacos-sdk-go/v2/clients/naming_client/naming_grpc.(*NamingGrpcProxy).RegisterInstance
	/Users/zngue/go/pkg/mod/github.com/nacos-group/nacos-sdk-go/v2@v2.3.5/clients/naming_client/naming_grpc/naming_grpc_proxy.go:99
github.com/nacos-group/nacos-sdk-go/v2/clients/naming_client.(*NamingProxyDelegate).RegisterInstance
	/Users/zngue/go/pkg/mod/github.com/nacos-group/nacos-sdk-go/v2@v2.3.5/clients/naming_client/naming_proxy_delegate.go:92
github.com/nacos-group/nacos-sdk-go/v2/clients/naming_client.(*NamingClient).RegisterInstance
	/Users/zngue/go/pkg/mod/github.com/nacos-group/nacos-sdk-go/v2@v2.3.5/clients/naming_client/naming_client.go:125
github.com/zngue/zng_app/app/config/nacos.NewCenterOptions
	/Users/zngue/www/go/zng_go/zng_app/app/config/nacos/nacos.go:39
main.main
	/Users/zngue/www/go/zng_go/zng_app/cmd/user/main.go:10
runtime.main
	/opt/homebrew/Cellar/go/1.24.3/libexec/src/runtime/proc.go:283
runtime.goexit
	/opt/homebrew/Cellar/go/1.24.3/libexec/src/runtime/asm_arm64.s:1223
2026-01-27T16:26:09.777+0800	INFO	rpc/grpc_client.go:175	check tls config %!(EXTRA *constant.TLSConfig=&{false false false    })
2026-01-27T16:26:09.777+0800	INFO	rpc/grpc_client.go:180	try to get tls config from env
2026-01-27T16:26:09.777+0800	INFO	rpc/grpc_client.go:189	 tls config from env is not enable
2026-01-27T16:26:09.801+0800	WARN	rpc/rpc_client.go:458	9f2c72bc-316a-40f8-a903-59c756c14621 fail to connect server, after trying 1 times, last try server is {serverIp:42.193.55.92 serverPort:48848 serverGrpcPort:49848}, error=server check request failed , err:rpc error: code = Unavailable desc = connection error: desc = "error reading server preface: EOF"
2026-01-27T16:26:09.830+0800	ERROR	rpc/rpc_client.go:630	Send request fail, request=InstanceRequest, body={"requestId":"","namespace":"public","serviceName":"user-service","groupName":"test_user","module":"naming","type":"registerInstance","instance":{"instanceId":"","ip":"192.168.1.21","port":9001,"weight":0,"healthy":true,"enabled":true,"ephemeral":true,"clusterName":"","serviceName":"","metadata":{},"instanceHeartBeatInterval":0,"ipDeleteTimeout":0,"instanceHeartBeatTimeOut":0}}, retryTimes=2, error=client not connected, current status:STARTING
github.com/nacos-group/nacos-sdk-go/v2/common/remote/rpc.(*RpcClient).Request
	/Users/zngue/go/pkg/mod/github.com/nacos-group/nacos-sdk-go/v2@v2.3.5/common/remote/rpc/rpc_client.go:592
github.com/nacos-group/nacos-sdk-go/v2/clients/naming_client/naming_grpc.(*NamingGrpcProxy).requestToServer
	/Users/zngue/go/pkg/mod/github.com/nacos-group/nacos-sdk-go/v2@v2.3.5/clients/naming_client/naming_grpc/naming_grpc_proxy.go:88
github.com/nacos-group/nacos-sdk-go/v2/clients/naming_client/naming_grpc.(*NamingGrpcProxy).RegisterInstance
	/Users/zngue/go/pkg/mod/github.com/nacos-group/nacos-sdk-go/v2@v2.3.5/clients/naming_client/naming_grpc/naming_grpc_proxy.go:99
github.com/nacos-group/nacos-sdk-go/v2/clients/naming_client.(*NamingProxyDelegate).RegisterInstance
	/Users/zngue/go/pkg/mod/github.com/nacos-group/nacos-sdk-go/v2@v2.3.5/clients/naming_client/naming_proxy_delegate.go:92
github.com/nacos-group/nacos-sdk-go/v2/clients/naming_client.(*NamingClient).RegisterInstance
	/Users/zngue/go/pkg/mod/github.com/nacos-group/nacos-sdk-go/v2@v2.3.5/clients/naming_client/naming_client.go:125
github.com/zngue/zng_app/app/config/nacos.NewCenterOptions
	/Users/zngue/www/go/zng_go/zng_app/app/config/nacos/nacos.go:39
main.main
	/Users/zngue/www/go/zng_go/zng_app/cmd/user/main.go:10
runtime.main
	/opt/homebrew/Cellar/go/1.24.3/libexec/src/runtime/proc.go:283
runtime.goexit
	/opt/homebrew/Cellar/go/1.24.3/libexec/src/runtime/asm_arm64.s:1223
2026-01-27T16:26:09.902+0800	INFO	rpc/grpc_client.go:175	check tls config %!(EXTRA *constant.TLSConfig=&{false false false    })
2026-01-27T16:26:09.902+0800	INFO	rpc/grpc_client.go:180	try to get tls config from env
2026-01-27T16:26:09.902+0800	INFO	rpc/grpc_client.go:189	 tls config from env is not enable
2026-01-27T16:26:09.926+0800	WARN	rpc/rpc_client.go:458	9f2c72bc-316a-40f8-a903-59c756c14621 fail to connect server, after trying 2 times, last try server is {serverIp:42.193.55.92 serverPort:48848 serverGrpcPort:49848}, error=server check request failed , err:rpc error: code = Unavailable desc = connection error: desc = "error reading server preface: EOF"
2026-01-27T16:28:14.226+0800	INFO	naming_http/push_receiver.go:89	udp server start, port: 55509
2026-01-27T16:28:14.226+0800	INFO	rpc/rpc_client.go:157	init rpc client for name %!(EXTRA string=be6f19e7-4ef3-4686-98f9-053cded2df78)
2026-01-27T16:28:14.226+0800	INFO	rpc/rpc_client.go:166	get app conn labels from client config map[] 
2026-01-27T16:28:14.226+0800	INFO	rpc/rpc_client.go:168	get app conn labels from env map[] 
2026-01-27T16:28:14.226+0800	INFO	rpc/rpc_client.go:171	final app conn labels : map[] 
2026-01-27T16:28:14.226+0800	DEBUG	rpc/rpc_client.go:394	be6f19e7-4ef3-4686-98f9-053cded2df78 register server push request:ConnectResetRequest handler:ConnectResetRequestHandler
2026-01-27T16:28:14.226+0800	DEBUG	rpc/rpc_client.go:394	be6f19e7-4ef3-4686-98f9-053cded2df78 register server push request:ClientDetectionRequest handler:ClientDetectionRequestHandler
2026-01-27T16:28:14.226+0800	INFO	rpc/rpc_client.go:327	[RpcClient.Start] be6f19e7-4ef3-4686-98f9-053cded2df78 try to connect to server on start up, server: {serverIp:42.193.55.92 serverPort:48848 serverGrpcPort:49848}
2026-01-27T16:28:14.226+0800	INFO	rpc/grpc_client.go:175	check tls config %!(EXTRA *constant.TLSConfig=&{false false false    })
2026-01-27T16:28:14.226+0800	INFO	rpc/grpc_client.go:180	try to get tls config from env
2026-01-27T16:28:14.226+0800	INFO	rpc/grpc_client.go:189	 tls config from env is not enable
2026-01-27T16:28:14.227+0800	INFO	util/common.go:96	Local IP:169.254.131.38
2026-01-27T16:28:14.253+0800	WARN	rpc/rpc_client.go:329	[RpcClient.Start] be6f19e7-4ef3-4686-98f9-053cded2df78 fail to connect to server on start up, error message=server check request failed , err:rpc error: code = Unavailable desc = connection error: desc = "error reading server preface: EOF", start up retry times left=2
2026-01-27T16:28:14.253+0800	INFO	rpc/rpc_client.go:327	[RpcClient.Start] be6f19e7-4ef3-4686-98f9-053cded2df78 try to connect to server on start up, server: {serverIp:42.193.55.92 serverPort:48848 serverGrpcPort:49848}
2026-01-27T16:28:14.253+0800	INFO	rpc/grpc_client.go:175	check tls config %!(EXTRA *constant.TLSConfig=&{false false false    })
2026-01-27T16:28:14.253+0800	INFO	rpc/grpc_client.go:180	try to get tls config from env
2026-01-27T16:28:14.253+0800	INFO	rpc/grpc_client.go:189	 tls config from env is not enable
2026-01-27T16:28:14.285+0800	WARN	rpc/rpc_client.go:329	[RpcClient.Start] be6f19e7-4ef3-4686-98f9-053cded2df78 fail to connect to server on start up, error message=server check request failed , err:rpc error: code = Unavailable desc = connection error: desc = "error reading server preface: read tcp 192.168.1.21:55127->42.193.55.92:49848: read: connection reset by peer", start up retry times left=1
2026-01-27T16:28:14.285+0800	INFO	rpc/rpc_client.go:327	[RpcClient.Start] be6f19e7-4ef3-4686-98f9-053cded2df78 try to connect to server on start up, server: {serverIp:42.193.55.92 serverPort:48848 serverGrpcPort:49848}
2026-01-27T16:28:14.285+0800	INFO	rpc/grpc_client.go:175	check tls config %!(EXTRA *constant.TLSConfig=&{false false false    })
2026-01-27T16:28:14.285+0800	INFO	rpc/grpc_client.go:180	try to get tls config from env
2026-01-27T16:28:14.285+0800	INFO	rpc/grpc_client.go:189	 tls config from env is not enable
2026-01-27T16:28:14.312+0800	WARN	rpc/rpc_client.go:329	[RpcClient.Start] be6f19e7-4ef3-4686-98f9-053cded2df78 fail to connect to server on start up, error message=server check request failed , err:rpc error: code = Unavailable desc = connection error: desc = "error reading server preface: EOF", start up retry times left=0
2026-01-27T16:28:14.312+0800	DEBUG	rpc/rpc_client.go:394	be6f19e7-4ef3-4686-98f9-053cded2df78 register server push request:NotifySubscriberRequest handler:NamingPushRequestHandler
2026-01-27T16:28:14.312+0800	INFO	rpc/rpc_client.go:427	be6f19e7-4ef3-4686-98f9-053cded2df78 try to re connect to a new server, server is not appointed, will choose a random server.
2026-01-27T16:28:14.312+0800	DEBUG	rpc/rpc_client.go:402	be6f19e7-4ef3-4686-98f9-053cded2df78 register connection listener [*naming_grpc.ConnectionEventListener] to current client
2026-01-27T16:28:14.312+0800	INFO	rpc/grpc_client.go:175	check tls config %!(EXTRA *constant.TLSConfig=&{false false false    })
2026-01-27T16:28:14.312+0800	INFO	rpc/grpc_client.go:180	try to get tls config from env
2026-01-27T16:28:14.312+0800	INFO	rpc/grpc_client.go:189	 tls config from env is not enable
2026-01-27T16:28:14.312+0800	INFO	naming_grpc/naming_grpc_proxy.go:95	register instance namespaceId:<public>,serviceName:<user-service> with instance:<{"instanceId":"","ip":"192.168.1.21","port":9001,"weight":0,"healthy":true,"enabled":true,"ephemeral":true,"clusterName":"","serviceName":"","metadata":{},"instanceHeartBeatInterval":0,"ipDeleteTimeout":0,"instanceHeartBeatTimeOut":0}>
2026-01-27T16:28:14.313+0800	ERROR	rpc/rpc_client.go:630	Send request fail, request=InstanceRequest, body={"requestId":"","namespace":"public","serviceName":"user-service","groupName":"test_user","module":"naming","type":"registerInstance","instance":{"instanceId":"","ip":"192.168.1.21","port":9001,"weight":0,"healthy":true,"enabled":true,"ephemeral":true,"clusterName":"","serviceName":"","metadata":{},"instanceHeartBeatInterval":0,"ipDeleteTimeout":0,"instanceHeartBeatTimeOut":0}}, retryTimes=0, error=client not connected, current status:STARTING
github.com/nacos-group/nacos-sdk-go/v2/common/remote/rpc.(*RpcClient).Request
	/Users/zngue/go/pkg/mod/github.com/nacos-group/nacos-sdk-go/v2@v2.3.5/common/remote/rpc/rpc_client.go:592
github.com/nacos-group/nacos-sdk-go/v2/clients/naming_client/naming_grpc.(*NamingGrpcProxy).requestToServer
	/Users/zngue/go/pkg/mod/github.com/nacos-group/nacos-sdk-go/v2@v2.3.5/clients/naming_client/naming_grpc/naming_grpc_proxy.go:88
github.com/nacos-group/nacos-sdk-go/v2/clients/naming_client/naming_grpc.(*NamingGrpcProxy).RegisterInstance
	/Users/zngue/go/pkg/mod/github.com/nacos-group/nacos-sdk-go/v2@v2.3.5/clients/naming_client/naming_grpc/naming_grpc_proxy.go:99
github.com/nacos-group/nacos-sdk-go/v2/clients/naming_client.(*NamingProxyDelegate).RegisterInstance
	/Users/zngue/go/pkg/mod/github.com/nacos-group/nacos-sdk-go/v2@v2.3.5/clients/naming_client/naming_proxy_delegate.go:92
github.com/nacos-group/nacos-sdk-go/v2/clients/naming_client.(*NamingClient).RegisterInstance
	/Users/zngue/go/pkg/mod/github.com/nacos-group/nacos-sdk-go/v2@v2.3.5/clients/naming_client/naming_client.go:125
github.com/zngue/zng_app/app/config/nacos.NewCenterOptions
	/Users/zngue/www/go/zng_go/zng_app/app/config/nacos/nacos.go:39
main.main
	/Users/zngue/www/go/zng_go/zng_app/cmd/user/main.go:10
runtime.main
	/opt/homebrew/Cellar/go/1.24.3/libexec/src/runtime/proc.go:283
runtime.goexit
	/opt/homebrew/Cellar/go/1.24.3/libexec/src/runtime/asm_arm64.s:1223
2026-01-27T16:28:14.337+0800	INFO	rpc/grpc_client.go:175	check tls config %!(EXTRA *constant.TLSConfig=&{false false false    })
2026-01-27T16:28:14.337+0800	INFO	rpc/grpc_client.go:180	try to get tls config from env
2026-01-27T16:28:14.337+0800	INFO	rpc/grpc_client.go:189	 tls config from env is not enable
2026-01-27T16:28:14.360+0800	WARN	rpc/rpc_client.go:458	be6f19e7-4ef3-4686-98f9-053cded2df78 fail to connect server, after trying 1 times, last try server is {serverIp:42.193.55.92 serverPort:48848 serverGrpcPort:49848}, error=server check request failed , err:rpc error: code = Unavailable desc = connection error: desc = "error reading server preface: read tcp 192.168.1.21:55132->42.193.55.92:49848: read: connection reset by peer"
2026-01-27T16:28:14.414+0800	ERROR	rpc/rpc_client.go:630	Send request fail, request=InstanceRequest, body={"requestId":"","namespace":"public","serviceName":"user-service","groupName":"test_user","module":"naming","type":"registerInstance","instance":{"instanceId":"","ip":"192.168.1.21","port":9001,"weight":0,"healthy":true,"enabled":true,"ephemeral":true,"clusterName":"","serviceName":"","metadata":{},"instanceHeartBeatInterval":0,"ipDeleteTimeout":0,"instanceHeartBeatTimeOut":0}}, retryTimes=1, error=client not connected, current status:STARTING
github.com/nacos-group/nacos-sdk-go/v2/common/remote/rpc.(*RpcClient).Request
	/Users/zngue/go/pkg/mod/github.com/nacos-group/nacos-sdk-go/v2@v2.3.5/common/remote/rpc/rpc_client.go:592
github.com/nacos-group/nacos-sdk-go/v2/clients/naming_client/naming_grpc.(*NamingGrpcProxy).requestToServer
	/Users/zngue/go/pkg/mod/github.com/nacos-group/nacos-sdk-go/v2@v2.3.5/clients/naming_client/naming_grpc/naming_grpc_proxy.go:88
github.com/nacos-group/nacos-sdk-go/v2/clients/naming_client/naming_grpc.(*NamingGrpcProxy).RegisterInstance
	/Users/zngue/go/pkg/mod/github.com/nacos-group/nacos-sdk-go/v2@v2.3.5/clients/naming_client/naming_grpc/naming_grpc_proxy.go:99
github.com/nacos-group/nacos-sdk-go/v2/clients/naming_client.(*NamingProxyDelegate).RegisterInstance
	/Users/zngue/go/pkg/mod/github.com/nacos-group/nacos-sdk-go/v2@v2.3.5/clients/naming_client/naming_proxy_delegate.go:92
github.com/nacos-group/nacos-sdk-go/v2/clients/naming_client.(*NamingClient).RegisterInstance
	/Users/zngue/go/pkg/mod/github.com/nacos-group/nacos-sdk-go/v2@v2.3.5/clients/naming_client/naming_client.go:125
github.com/zngue/zng_app/app/config/nacos.NewCenterOptions
	/Users/zngue/www/go/zng_go/zng_app/app/config/nacos/nacos.go:39
main.main
	/Users/zngue/www/go/zng_go/zng_app/cmd/user/main.go:10
runtime.main
	/opt/homebrew/Cellar/go/1.24.3/libexec/src/runtime/proc.go:283
runtime.goexit
	/opt/homebrew/Cellar/go/1.24.3/libexec/src/runtime/asm_arm64.s:1223
2026-01-27T16:28:14.461+0800	INFO	rpc/grpc_client.go:175	check tls config %!(EXTRA *constant.TLSConfig=&{false false false    })
2026-01-27T16:28:14.461+0800	INFO	rpc/grpc_client.go:180	try to get tls config from env
2026-01-27T16:28:14.461+0800	INFO	rpc/grpc_client.go:189	 tls config from env is not enable
2026-01-27T16:28:14.487+0800	WARN	rpc/rpc_client.go:458	be6f19e7-4ef3-4686-98f9-053cded2df78 fail to connect server, after trying 2 times, last try server is {serverIp:42.193.55.92 serverPort:48848 serverGrpcPort:49848}, error=server check request failed , err:rpc error: code = Unavailable desc = connection error: desc = "error reading server preface: EOF"
2026-01-27T16:28:14.515+0800	ERROR	rpc/rpc_client.go:630	Send request fail, request=InstanceRequest, body={"requestId":"","namespace":"public","serviceName":"user-service","groupName":"test_user","module":"naming","type":"registerInstance","instance":{"instanceId":"","ip":"192.168.1.21","port":9001,"weight":0,"healthy":true,"enabled":true,"ephemeral":true,"clusterName":"","serviceName":"","metadata":{},"instanceHeartBeatInterval":0,"ipDeleteTimeout":0,"instanceHeartBeatTimeOut":0}}, retryTimes=2, error=client not connected, current status:STARTING
github.com/nacos-group/nacos-sdk-go/v2/common/remote/rpc.(*RpcClient).Request
	/Users/zngue/go/pkg/mod/github.com/nacos-group/nacos-sdk-go/v2@v2.3.5/common/remote/rpc/rpc_client.go:592
github.com/nacos-group/nacos-sdk-go/v2/clients/naming_client/naming_grpc.(*NamingGrpcProxy).requestToServer
	/Users/zngue/go/pkg/mod/github.com/nacos-group/nacos-sdk-go/v2@v2.3.5/clients/naming_client/naming_grpc/naming_grpc_proxy.go:88
github.com/nacos-group/nacos-sdk-go/v2/clients/naming_client/naming_grpc.(*NamingGrpcProxy).RegisterInstance
	/Users/zngue/go/pkg/mod/github.com/nacos-group/nacos-sdk-go/v2@v2.3.5/clients/naming_client/naming_grpc/naming_grpc_proxy.go:99
github.com/nacos-group/nacos-sdk-go/v2/clients/naming_client.(*NamingProxyDelegate).RegisterInstance
	/Users/zngue/go/pkg/mod/github.com/nacos-group/nacos-sdk-go/v2@v2.3.5/clients/naming_client/naming_proxy_delegate.go:92
github.com/nacos-group/nacos-sdk-go/v2/clients/naming_client.(*NamingClient).RegisterInstance
	/Users/zngue/go/pkg/mod/github.com/nacos-group/nacos-sdk-go/v2@v2.3.5/clients/naming_client/naming_client.go:125
github.com/zngue/zng_app/app/config/nacos.NewCenterOptions
	/Users/zngue/www/go/zng_go/zng_app/app/config/nacos/nacos.go:39
main.main
	/Users/zngue/www/go/zng_go/zng_app/cmd/user/main.go:10
runtime.main
	/opt/homebrew/Cellar/go/1.24.3/libexec/src/runtime/proc.go:283
runtime.goexit
	/opt/homebrew/Cellar/go/1.24.3/libexec/src/runtime/asm_arm64.s:1223
2026-01-27T16:32:57.983+0800	INFO	naming_http/push_receiver.go:89	udp server start, port: 55796
2026-01-27T16:32:57.983+0800	INFO	rpc/rpc_client.go:157	init rpc client for name %!(EXTRA string=2f31e90f-35eb-469b-82a6-5af00b1bf72c)
2026-01-27T16:32:57.983+0800	INFO	rpc/rpc_client.go:166	get app conn labels from client config map[] 
2026-01-27T16:32:57.983+0800	INFO	rpc/rpc_client.go:168	get app conn labels from env map[] 
2026-01-27T16:32:57.983+0800	INFO	rpc/rpc_client.go:171	final app conn labels : map[] 
2026-01-27T16:32:57.983+0800	DEBUG	rpc/rpc_client.go:394	2f31e90f-35eb-469b-82a6-5af00b1bf72c register server push request:ConnectResetRequest handler:ConnectResetRequestHandler
2026-01-27T16:32:57.983+0800	DEBUG	rpc/rpc_client.go:394	2f31e90f-35eb-469b-82a6-5af00b1bf72c register server push request:ClientDetectionRequest handler:ClientDetectionRequestHandler
2026-01-27T16:32:57.983+0800	INFO	rpc/rpc_client.go:327	[RpcClient.Start] 2f31e90f-35eb-469b-82a6-5af00b1bf72c try to connect to server on start up, server: {serverIp:42.193.55.92 serverPort:48848 serverGrpcPort:49848}
2026-01-27T16:32:57.983+0800	INFO	rpc/grpc_client.go:175	check tls config %!(EXTRA *constant.TLSConfig=&{false false false    })
2026-01-27T16:32:57.983+0800	INFO	rpc/grpc_client.go:180	try to get tls config from env
2026-01-27T16:32:57.983+0800	INFO	rpc/grpc_client.go:189	 tls config from env is not enable
2026-01-27T16:32:57.984+0800	INFO	util/common.go:96	Local IP:169.254.131.38
2026-01-27T16:32:58.011+0800	WARN	rpc/rpc_client.go:329	[RpcClient.Start] 2f31e90f-35eb-469b-82a6-5af00b1bf72c fail to connect to server on start up, error message=server check request failed , err:rpc error: code = Unavailable desc = connection error: desc = "error reading server preface: read tcp 192.168.1.21:57417->42.193.55.92:49848: read: connection reset by peer", start up retry times left=2
2026-01-27T16:32:58.011+0800	INFO	rpc/rpc_client.go:327	[RpcClient.Start] 2f31e90f-35eb-469b-82a6-5af00b1bf72c try to connect to server on start up, server: {serverIp:42.193.55.92 serverPort:48848 serverGrpcPort:49848}
2026-01-27T16:32:58.011+0800	INFO	rpc/grpc_client.go:175	check tls config %!(EXTRA *constant.TLSConfig=&{false false false    })
2026-01-27T16:32:58.011+0800	INFO	rpc/grpc_client.go:180	try to get tls config from env
2026-01-27T16:32:58.011+0800	INFO	rpc/grpc_client.go:189	 tls config from env is not enable
2026-01-27T16:32:58.037+0800	WARN	rpc/rpc_client.go:329	[RpcClient.Start] 2f31e90f-35eb-469b-82a6-5af00b1bf72c fail to connect to server on start up, error message=server check request failed , err:rpc error: code = Unavailable desc = connection error: desc = "error reading server preface: EOF", start up retry times left=1
2026-01-27T16:32:58.037+0800	INFO	rpc/rpc_client.go:327	[RpcClient.Start] 2f31e90f-35eb-469b-82a6-5af00b1bf72c try to connect to server on start up, server: {serverIp:42.193.55.92 serverPort:48848 serverGrpcPort:49848}
2026-01-27T16:32:58.037+0800	INFO	rpc/grpc_client.go:175	check tls config %!(EXTRA *constant.TLSConfig=&{false false false    })
2026-01-27T16:32:58.037+0800	INFO	rpc/grpc_client.go:180	try to get tls config from env
2026-01-27T16:32:58.037+0800	INFO	rpc/grpc_client.go:189	 tls config from env is not enable
2026-01-27T16:32:58.061+0800	WARN	rpc/rpc_client.go:329	[RpcClient.Start] 2f31e90f-35eb-469b-82a6-5af00b1bf72c fail to connect to server on start up, error message=server check request failed , err:rpc error: code = Unavailable desc = connection error: desc = "error reading server preface: EOF", start up retry times left=0
2026-01-27T16:32:58.061+0800	DEBUG	rpc/rpc_client.go:394	2f31e90f-35eb-469b-82a6-5af00b1bf72c register server push request:NotifySubscriberRequest handler:NamingPushRequestHandler
2026-01-27T16:32:58.061+0800	DEBUG	rpc/rpc_client.go:402	2f31e90f-35eb-469b-82a6-5af00b1bf72c register connection listener [*naming_grpc.ConnectionEventListener] to current client
2026-01-27T16:32:58.061+0800	INFO	rpc/rpc_client.go:427	2f31e90f-35eb-469b-82a6-5af00b1bf72c try to re connect to a new server, server is not appointed, will choose a random server.
2026-01-27T16:32:58.061+0800	INFO	rpc/grpc_client.go:175	check tls config %!(EXTRA *constant.TLSConfig=&{false false false    })
2026-01-27T16:32:58.061+0800	INFO	rpc/grpc_client.go:180	try to get tls config from env
2026-01-27T16:32:58.061+0800	INFO	rpc/grpc_client.go:189	 tls config from env is not enable
2026-01-27T16:32:58.061+0800	INFO	naming_grpc/naming_grpc_proxy.go:95	register instance namespaceId:<develop>,serviceName:<user-service> with instance:<{"instanceId":"","ip":"192.168.1.21","port":9001,"weight":0,"healthy":true,"enabled":true,"ephemeral":true,"clusterName":"","serviceName":"","metadata":{},"instanceHeartBeatInterval":0,"ipDeleteTimeout":0,"instanceHeartBeatTimeOut":0}>
2026-01-27T16:32:58.061+0800	ERROR	rpc/rpc_client.go:630	Send request fail, request=InstanceRequest, body={"requestId":"","namespace":"develop","serviceName":"user-service","groupName":"test_user","module":"naming","type":"registerInstance","instance":{"instanceId":"","ip":"192.168.1.21","port":9001,"weight":0,"healthy":true,"enabled":true,"ephemeral":true,"clusterName":"","serviceName":"","metadata":{},"instanceHeartBeatInterval":0,"ipDeleteTimeout":0,"instanceHeartBeatTimeOut":0}}, retryTimes=0, error=client not connected, current status:STARTING
github.com/nacos-group/nacos-sdk-go/v2/common/remote/rpc.(*RpcClient).Request
	/Users/zngue/go/pkg/mod/github.com/nacos-group/nacos-sdk-go/v2@v2.3.5/common/remote/rpc/rpc_client.go:592
github.com/nacos-group/nacos-sdk-go/v2/clients/naming_client/naming_grpc.(*NamingGrpcProxy).requestToServer
	/Users/zngue/go/pkg/mod/github.com/nacos-group/nacos-sdk-go/v2@v2.3.5/clients/naming_client/naming_grpc/naming_grpc_proxy.go:88
github.com/nacos-group/nacos-sdk-go/v2/clients/naming_client/naming_grpc.(*NamingGrpcProxy).RegisterInstance
	/Users/zngue/go/pkg/mod/github.com/nacos-group/nacos-sdk-go/v2@v2.3.5/clients/naming_client/naming_grpc/naming_grpc_proxy.go:99
github.com/nacos-group/nacos-sdk-go/v2/clients/naming_client.(*NamingProxyDelegate).RegisterInstance
	/Users/zngue/go/pkg/mod/github.com/nacos-group/nacos-sdk-go/v2@v2.3.5/clients/naming_client/naming_proxy_delegate.go:92
github.com/nacos-group/nacos-sdk-go/v2/clients/naming_client.(*NamingClient).RegisterInstance
	/Users/zngue/go/pkg/mod/github.com/nacos-group/nacos-sdk-go/v2@v2.3.5/clients/naming_client/naming_client.go:125
github.com/zngue/zng_app/app/config/nacos.NewCenterOptions
	/Users/zngue/www/go/zng_go/zng_app/app/config/nacos/nacos.go:39
main.main
	/Users/zngue/www/go/zng_go/zng_app/cmd/user/main.go:10
runtime.main
	/opt/homebrew/Cellar/go/1.24.3/libexec/src/runtime/proc.go:283
runtime.goexit
	/opt/homebrew/Cellar/go/1.24.3/libexec/src/runtime/asm_arm64.s:1223
2026-01-27T16:32:58.088+0800	INFO	rpc/grpc_client.go:175	check tls config %!(EXTRA *constant.TLSConfig=&{false false false    })
2026-01-27T16:32:58.088+0800	INFO	rpc/grpc_client.go:180	try to get tls config from env
2026-01-27T16:32:58.088+0800	INFO	rpc/grpc_client.go:189	 tls config from env is not enable
2026-01-27T16:32:58.114+0800	WARN	rpc/rpc_client.go:458	2f31e90f-35eb-469b-82a6-5af00b1bf72c fail to connect server, after trying 1 times, last try server is {serverIp:42.193.55.92 serverPort:48848 serverGrpcPort:49848}, error=server check request failed , err:rpc error: code = Unavailable desc = connection error: desc = "error reading server preface: EOF"
2026-01-27T16:32:58.162+0800	ERROR	rpc/rpc_client.go:630	Send request fail, request=InstanceRequest, body={"requestId":"","namespace":"develop","serviceName":"user-service","groupName":"test_user","module":"naming","type":"registerInstance","instance":{"instanceId":"","ip":"192.168.1.21","port":9001,"weight":0,"healthy":true,"enabled":true,"ephemeral":true,"clusterName":"","serviceName":"","metadata":{},"instanceHeartBeatInterval":0,"ipDeleteTimeout":0,"instanceHeartBeatTimeOut":0}}, retryTimes=1, error=client not connected, current status:STARTING
github.com/nacos-group/nacos-sdk-go/v2/common/remote/rpc.(*RpcClient).Request
	/Users/zngue/go/pkg/mod/github.com/nacos-group/nacos-sdk-go/v2@v2.3.5/common/remote/rpc/rpc_client.go:592
github.com/nacos-group/nacos-sdk-go/v2/clients/naming_client/naming_grpc.(*NamingGrpcProxy).requestToServer
	/Users/zngue/go/pkg/mod/github.com/nacos-group/nacos-sdk-go/v2@v2.3.5/clients/naming_client/naming_grpc/naming_grpc_proxy.go:88
github.com/nacos-group/nacos-sdk-go/v2/clients/naming_client/naming_grpc.(*NamingGrpcProxy).RegisterInstance
	/Users/zngue/go/pkg/mod/github.com/nacos-group/nacos-sdk-go/v2@v2.3.5/clients/naming_client/naming_grpc/naming_grpc_proxy.go:99
github.com/nacos-group/nacos-sdk-go/v2/clients/naming_client.(*NamingProxyDelegate).RegisterInstance
	/Users/zngue/go/pkg/mod/github.com/nacos-group/nacos-sdk-go/v2@v2.3.5/clients/naming_client/naming_proxy_delegate.go:92
github.com/nacos-group/nacos-sdk-go/v2/clients/naming_client.(*NamingClient).RegisterInstance
	/Users/zngue/go/pkg/mod/github.com/nacos-group/nacos-sdk-go/v2@v2.3.5/clients/naming_client/naming_client.go:125
github.com/zngue/zng_app/app/config/nacos.NewCenterOptions
	/Users/zngue/www/go/zng_go/zng_app/app/config/nacos/nacos.go:39
main.main
	/Users/zngue/www/go/zng_go/zng_app/cmd/user/main.go:10
runtime.main
	/opt/homebrew/Cellar/go/1.24.3/libexec/src/runtime/proc.go:283
runtime.goexit
	/opt/homebrew/Cellar/go/1.24.3/libexec/src/runtime/asm_arm64.s:1223
2026-01-27T16:32:58.215+0800	INFO	rpc/grpc_client.go:175	check tls config %!(EXTRA *constant.TLSConfig=&{false false false    })
2026-01-27T16:32:58.215+0800	INFO	rpc/grpc_client.go:180	try to get tls config from env
2026-01-27T16:32:58.215+0800	INFO	rpc/grpc_client.go:189	 tls config from env is not enable
2026-01-27T16:32:58.239+0800	WARN	rpc/rpc_client.go:458	2f31e90f-35eb-469b-82a6-5af00b1bf72c fail to connect server, after trying 2 times, last try server is {serverIp:42.193.55.92 serverPort:48848 serverGrpcPort:49848}, error=server check request failed , err:rpc error: code = Unavailable desc = connection error: desc = "error reading server preface: EOF"
2026-01-27T16:32:58.264+0800	ERROR	rpc/rpc_client.go:630	Send request fail, request=InstanceRequest, body={"requestId":"","namespace":"develop","serviceName":"user-service","groupName":"test_user","module":"naming","type":"registerInstance","instance":{"instanceId":"","ip":"192.168.1.21","port":9001,"weight":0,"healthy":true,"enabled":true,"ephemeral":true,"clusterName":"","serviceName":"","metadata":{},"instanceHeartBeatInterval":0,"ipDeleteTimeout":0,"instanceHeartBeatTimeOut":0}}, retryTimes=2, error=client not connected, current status:STARTING
github.com/nacos-group/nacos-sdk-go/v2/common/remote/rpc.(*RpcClient).Request
	/Users/zngue/go/pkg/mod/github.com/nacos-group/nacos-sdk-go/v2@v2.3.5/common/remote/rpc/rpc_client.go:592
github.com/nacos-group/nacos-sdk-go/v2/clients/naming_client/naming_grpc.(*NamingGrpcProxy).requestToServer
	/Users/zngue/go/pkg/mod/github.com/nacos-group/nacos-sdk-go/v2@v2.3.5/clients/naming_client/naming_grpc/naming_grpc_proxy.go:88
github.com/nacos-group/nacos-sdk-go/v2/clients/naming_client/naming_grpc.(*NamingGrpcProxy).RegisterInstance
	/Users/zngue/go/pkg/mod/github.com/nacos-group/nacos-sdk-go/v2@v2.3.5/clients/naming_client/naming_grpc/naming_grpc_proxy.go:99
github.com/nacos-group/nacos-sdk-go/v2/clients/naming_client.(*NamingProxyDelegate).RegisterInstance
	/Users/zngue/go/pkg/mod/github.com/nacos-group/nacos-sdk-go/v2@v2.3.5/clients/naming_client/naming_proxy_delegate.go:92
github.com/nacos-group/nacos-sdk-go/v2/clients/naming_client.(*NamingClient).RegisterInstance
	/Users/zngue/go/pkg/mod/github.com/nacos-group/nacos-sdk-go/v2@v2.3.5/clients/naming_client/naming_client.go:125
github.com/zngue/zng_app/app/config/nacos.NewCenterOptions
	/Users/zngue/www/go/zng_go/zng_app/app/config/nacos/nacos.go:39
main.main
	/Users/zngue/www/go/zng_go/zng_app/cmd/user/main.go:10
runtime.main
	/opt/homebrew/Cellar/go/1.24.3/libexec/src/runtime/proc.go:283
runtime.goexit
	/opt/homebrew/Cellar/go/1.24.3/libexec/src/runtime/asm_arm64.s:1223
2026-01-27T16:34:01.570+0800	INFO	naming_http/push_receiver.go:89	udp server start, port: 55203
2026-01-27T16:34:01.571+0800	INFO	rpc/rpc_client.go:157	init rpc client for name %!(EXTRA string=34d6243c-35a8-4bae-9a48-98509507bced)
2026-01-27T16:34:01.571+0800	INFO	rpc/rpc_client.go:166	get app conn labels from client config map[] 
2026-01-27T16:34:01.571+0800	INFO	rpc/rpc_client.go:168	get app conn labels from env map[] 
2026-01-27T16:34:01.571+0800	INFO	rpc/rpc_client.go:171	final app conn labels : map[] 
2026-01-27T16:34:01.571+0800	DEBUG	rpc/rpc_client.go:394	34d6243c-35a8-4bae-9a48-98509507bced register server push request:ConnectResetRequest handler:ConnectResetRequestHandler
2026-01-27T16:34:01.571+0800	DEBUG	rpc/rpc_client.go:394	34d6243c-35a8-4bae-9a48-98509507bced register server push request:ClientDetectionRequest handler:ClientDetectionRequestHandler
2026-01-27T16:34:01.571+0800	INFO	rpc/rpc_client.go:327	[RpcClient.Start] 34d6243c-35a8-4bae-9a48-98509507bced try to connect to server on start up, server: {serverIp:42.193.55.92 serverPort:48848 serverGrpcPort:49848}
2026-01-27T16:34:01.571+0800	INFO	rpc/grpc_client.go:175	check tls config %!(EXTRA *constant.TLSConfig=&{false false false    })
2026-01-27T16:34:01.571+0800	INFO	rpc/grpc_client.go:180	try to get tls config from env
2026-01-27T16:34:01.571+0800	INFO	rpc/grpc_client.go:189	 tls config from env is not enable
2026-01-27T16:34:01.572+0800	INFO	util/common.go:96	Local IP:169.254.131.38
2026-01-27T16:34:01.600+0800	WARN	rpc/rpc_client.go:329	[RpcClient.Start] 34d6243c-35a8-4bae-9a48-98509507bced fail to connect to server on start up, error message=server check request failed , err:rpc error: code = Unavailable desc = connection error: desc = "error reading server preface: EOF", start up retry times left=2
2026-01-27T16:34:01.600+0800	INFO	rpc/rpc_client.go:327	[RpcClient.Start] 34d6243c-35a8-4bae-9a48-98509507bced try to connect to server on start up, server: {serverIp:42.193.55.92 serverPort:48848 serverGrpcPort:49848}
2026-01-27T16:34:01.600+0800	INFO	rpc/grpc_client.go:175	check tls config %!(EXTRA *constant.TLSConfig=&{false false false    })
2026-01-27T16:34:01.600+0800	INFO	rpc/grpc_client.go:180	try to get tls config from env
2026-01-27T16:34:01.600+0800	INFO	rpc/grpc_client.go:189	 tls config from env is not enable
2026-01-27T16:34:01.627+0800	WARN	rpc/rpc_client.go:329	[RpcClient.Start] 34d6243c-35a8-4bae-9a48-98509507bced fail to connect to server on start up, error message=server check request failed , err:rpc error: code = Unavailable desc = connection error: desc = "error reading server preface: read tcp 192.168.1.21:57930->42.193.55.92:49848: read: connection reset by peer", start up retry times left=1
2026-01-27T16:34:01.627+0800	INFO	rpc/rpc_client.go:327	[RpcClient.Start] 34d6243c-35a8-4bae-9a48-98509507bced try to connect to server on start up, server: {serverIp:42.193.55.92 serverPort:48848 serverGrpcPort:49848}
2026-01-27T16:34:01.627+0800	INFO	rpc/grpc_client.go:175	check tls config %!(EXTRA *constant.TLSConfig=&{false false false    })
2026-01-27T16:34:01.627+0800	INFO	rpc/grpc_client.go:180	try to get tls config from env
2026-01-27T16:34:01.627+0800	INFO	rpc/grpc_client.go:189	 tls config from env is not enable
2026-01-27T16:34:01.656+0800	WARN	rpc/rpc_client.go:329	[RpcClient.Start] 34d6243c-35a8-4bae-9a48-98509507bced fail to connect to server on start up, error message=server check request failed , err:rpc error: code = Unavailable desc = connection error: desc = "error reading server preface: EOF", start up retry times left=0
2026-01-27T16:34:01.656+0800	DEBUG	rpc/rpc_client.go:394	34d6243c-35a8-4bae-9a48-98509507bced register server push request:NotifySubscriberRequest handler:NamingPushRequestHandler
2026-01-27T16:34:01.656+0800	INFO	rpc/rpc_client.go:427	34d6243c-35a8-4bae-9a48-98509507bced try to re connect to a new server, server is not appointed, will choose a random server.
2026-01-27T16:34:01.656+0800	DEBUG	rpc/rpc_client.go:402	34d6243c-35a8-4bae-9a48-98509507bced register connection listener [*naming_grpc.ConnectionEventListener] to current client
2026-01-27T16:34:01.656+0800	INFO	rpc/grpc_client.go:175	check tls config %!(EXTRA *constant.TLSConfig=&{false false false    })
2026-01-27T16:34:01.656+0800	INFO	rpc/grpc_client.go:180	try to get tls config from env
2026-01-27T16:34:01.656+0800	INFO	rpc/grpc_client.go:189	 tls config from env is not enable
2026-01-27T16:34:01.656+0800	INFO	naming_grpc/naming_grpc_proxy.go:95	register instance namespaceId:<develop>,serviceName:<user-service> with instance:<{"instanceId":"","ip":"192.168.1.21","port":9001,"weight":0,"healthy":true,"enabled":true,"ephemeral":true,"clusterName":"","serviceName":"","metadata":{},"instanceHeartBeatInterval":0,"ipDeleteTimeout":0,"instanceHeartBeatTimeOut":0}>
2026-01-27T16:34:01.657+0800	ERROR	rpc/rpc_client.go:630	Send request fail, request=InstanceRequest, body={"requestId":"","namespace":"develop","serviceName":"user-service","groupName":"test_user","module":"naming","type":"registerInstance","instance":{"instanceId":"","ip":"192.168.1.21","port":9001,"weight":0,"healthy":true,"enabled":true,"ephemeral":true,"clusterName":"","serviceName":"","metadata":{},"instanceHeartBeatInterval":0,"ipDeleteTimeout":0,"instanceHeartBeatTimeOut":0}}, retryTimes=0, error=client not connected, current status:STARTING
github.com/nacos-group/nacos-sdk-go/v2/common/remote/rpc.(*RpcClient).Request
	/Users/zngue/go/pkg/mod/github.com/nacos-group/nacos-sdk-go/v2@v2.3.5/common/remote/rpc/rpc_client.go:592
github.com/nacos-group/nacos-sdk-go/v2/clients/naming_client/naming_grpc.(*NamingGrpcProxy).requestToServer
	/Users/zngue/go/pkg/mod/github.com/nacos-group/nacos-sdk-go/v2@v2.3.5/clients/naming_client/naming_grpc/naming_grpc_proxy.go:88
github.com/nacos-group/nacos-sdk-go/v2/clients/naming_client/naming_grpc.(*NamingGrpcProxy).RegisterInstance
	/Users/zngue/go/pkg/mod/github.com/nacos-group/nacos-sdk-go/v2@v2.3.5/clients/naming_client/naming_grpc/naming_grpc_proxy.go:99
github.com/nacos-group/nacos-sdk-go/v2/clients/naming_client.(*NamingProxyDelegate).RegisterInstance
	/Users/zngue/go/pkg/mod/github.com/nacos-group/nacos-sdk-go/v2@v2.3.5/clients/naming_client/naming_proxy_delegate.go:92
github.com/nacos-group/nacos-sdk-go/v2/clients/naming_client.(*NamingClient).RegisterInstance
	/Users/zngue/go/pkg/mod/github.com/nacos-group/nacos-sdk-go/v2@v2.3.5/clients/naming_client/naming_client.go:125
github.com/zngue/zng_app/app/config/nacos.NewCenterOptions
	/Users/zngue/www/go/zng_go/zng_app/app/config/nacos/nacos.go:39
main.main
	/Users/zngue/www/go/zng_go/zng_app/cmd/user/main.go:10
runtime.main
	/opt/homebrew/Cellar/go/1.24.3/libexec/src/runtime/proc.go:283
runtime.goexit
	/opt/homebrew/Cellar/go/1.24.3/libexec/src/runtime/asm_arm64.s:1223
2026-01-27T16:34:01.681+0800	INFO	rpc/grpc_client.go:175	check tls config %!(EXTRA *constant.TLSConfig=&{false false false    })
2026-01-27T16:34:01.681+0800	INFO	rpc/grpc_client.go:180	try to get tls config from env
2026-01-27T16:34:01.681+0800	INFO	rpc/grpc_client.go:189	 tls config from env is not enable
2026-01-27T16:34:01.708+0800	WARN	rpc/rpc_client.go:458	34d6243c-35a8-4bae-9a48-98509507bced fail to connect server, after trying 1 times, last try server is {serverIp:42.193.55.92 serverPort:48848 serverGrpcPort:49848}, error=server check request failed , err:rpc error: code = Unavailable desc = connection error: desc = "error reading server preface: EOF"
2026-01-27T16:34:01.758+0800	ERROR	rpc/rpc_client.go:630	Send request fail, request=InstanceRequest, body={"requestId":"","namespace":"develop","serviceName":"user-service","groupName":"test_user","module":"naming","type":"registerInstance","instance":{"instanceId":"","ip":"192.168.1.21","port":9001,"weight":0,"healthy":true,"enabled":true,"ephemeral":true,"clusterName":"","serviceName":"","metadata":{},"instanceHeartBeatInterval":0,"ipDeleteTimeout":0,"instanceHeartBeatTimeOut":0}}, retryTimes=1, error=client not connected, current status:STARTING
github.com/nacos-group/nacos-sdk-go/v2/common/remote/rpc.(*RpcClient).Request
	/Users/zngue/go/pkg/mod/github.com/nacos-group/nacos-sdk-go/v2@v2.3.5/common/remote/rpc/rpc_client.go:592
github.com/nacos-group/nacos-sdk-go/v2/clients/naming_client/naming_grpc.(*NamingGrpcProxy).requestToServer
	/Users/zngue/go/pkg/mod/github.com/nacos-group/nacos-sdk-go/v2@v2.3.5/clients/naming_client/naming_grpc/naming_grpc_proxy.go:88
github.com/nacos-group/nacos-sdk-go/v2/clients/naming_client/naming_grpc.(*NamingGrpcProxy).RegisterInstance
	/Users/zngue/go/pkg/mod/github.com/nacos-group/nacos-sdk-go/v2@v2.3.5/clients/naming_client/naming_grpc/naming_grpc_proxy.go:99
github.com/nacos-group/nacos-sdk-go/v2/clients/naming_client.(*NamingProxyDelegate).RegisterInstance
	/Users/zngue/go/pkg/mod/github.com/nacos-group/nacos-sdk-go/v2@v2.3.5/clients/naming_client/naming_proxy_delegate.go:92
github.com/nacos-group/nacos-sdk-go/v2/clients/naming_client.(*NamingClient).RegisterInstance
	/Users/zngue/go/pkg/mod/github.com/nacos-group/nacos-sdk-go/v2@v2.3.5/clients/naming_client/naming_client.go:125
github.com/zngue/zng_app/app/config/nacos.NewCenterOptions
	/Users/zngue/www/go/zng_go/zng_app/app/config/nacos/nacos.go:39
main.main
	/Users/zngue/www/go/zng_go/zng_app/cmd/user/main.go:10
runtime.main
	/opt/homebrew/Cellar/go/1.24.3/libexec/src/runtime/proc.go:283
runtime.goexit
	/opt/homebrew/Cellar/go/1.24.3/libexec/src/runtime/asm_arm64.s:1223
2026-01-27T16:34:01.809+0800	INFO	rpc/grpc_client.go:175	check tls config %!(EXTRA *constant.TLSConfig=&{false false false    })
2026-01-27T16:34:01.809+0800	INFO	rpc/grpc_client.go:180	try to get tls config from env
2026-01-27T16:34:01.809+0800	INFO	rpc/grpc_client.go:189	 tls config from env is not enable
2026-01-27T16:34:01.836+0800	WARN	rpc/rpc_client.go:458	34d6243c-35a8-4bae-9a48-98509507bced fail to connect server, after trying 2 times, last try server is {serverIp:42.193.55.92 serverPort:48848 serverGrpcPort:49848}, error=server check request failed , err:rpc error: code = Unavailable desc = connection error: desc = "error reading server preface: EOF"
2026-01-27T16:34:01.859+0800	ERROR	rpc/rpc_client.go:630	Send request fail, request=InstanceRequest, body={"requestId":"","namespace":"develop","serviceName":"user-service","groupName":"test_user","module":"naming","type":"registerInstance","instance":{"instanceId":"","ip":"192.168.1.21","port":9001,"weight":0,"healthy":true,"enabled":true,"ephemeral":true,"clusterName":"","serviceName":"","metadata":{},"instanceHeartBeatInterval":0,"ipDeleteTimeout":0,"instanceHeartBeatTimeOut":0}}, retryTimes=2, error=client not connected, current status:STARTING
github.com/nacos-group/nacos-sdk-go/v2/common/remote/rpc.(*RpcClient).Request
	/Users/zngue/go/pkg/mod/github.com/nacos-group/nacos-sdk-go/v2@v2.3.5/common/remote/rpc/rpc_client.go:592
github.com/nacos-group/nacos-sdk-go/v2/clients/naming_client/naming_grpc.(*NamingGrpcProxy).requestToServer
	/Users/zngue/go/pkg/mod/github.com/nacos-group/nacos-sdk-go/v2@v2.3.5/clients/naming_client/naming_grpc/naming_grpc_proxy.go:88
github.com/nacos-group/nacos-sdk-go/v2/clients/naming_client/naming_grpc.(*NamingGrpcProxy).RegisterInstance
	/Users/zngue/go/pkg/mod/github.com/nacos-group/nacos-sdk-go/v2@v2.3.5/clients/naming_client/naming_grpc/naming_grpc_proxy.go:99
github.com/nacos-group/nacos-sdk-go/v2/clients/naming_client.(*NamingProxyDelegate).RegisterInstance
	/Users/zngue/go/pkg/mod/github.com/nacos-group/nacos-sdk-go/v2@v2.3.5/clients/naming_client/naming_proxy_delegate.go:92
github.com/nacos-group/nacos-sdk-go/v2/clients/naming_client.(*NamingClient).RegisterInstance
	/Users/zngue/go/pkg/mod/github.com/nacos-group/nacos-sdk-go/v2@v2.3.5/clients/naming_client/naming_client.go:125
github.com/zngue/zng_app/app/config/nacos.NewCenterOptions
	/Users/zngue/www/go/zng_go/zng_app/app/config/nacos/nacos.go:39
main.main
	/Users/zngue/www/go/zng_go/zng_app/cmd/user/main.go:10
runtime.main
	/opt/homebrew/Cellar/go/1.24.3/libexec/src/runtime/proc.go:283
runtime.goexit
	/opt/homebrew/Cellar/go/1.24.3/libexec/src/runtime/asm_arm64.s:1223
